"{""italic"":false,""color"":""#467A1B"",""translate"":""%1$s%3427655$s"",""with"":[""Curie's Bismium Band"",{""translate"":""item.gm4.metallurgy.band"",""with"":[{""translate"":""item.gm4.metallurgy.curies_bismium""}]}]}"|"{""italic"":false,""color"":""#467A1B"",""translate"":""item.gm4.metallurgy.band"",""fallback"":""%s Band"",""with"":[{""translate"":""item.gm4.metallurgy.curies_bismium"",""fallback"":""Curie's Bismium""}]}"
"{""italic"":false,""color"":""aqua"",""translate"":""%1$s%3427655$s"",""with"":[""Shamir"",{""translate"":""item.gm4.metallurgy.shamir""}]}"|"{""italic"":false,""color"":""aqua"",""translate"":""item.gm4.metallurgy.shamir"",""fallback"":""Shamir""}"
"{""italic"":false,""color"":""gray"",""translate"":""%1$s%3427655$s"",""with"":[""Animi"",{""translate"":""item.gm4.shamir.animi""}]}"|"{""italic"":false,""color"":""gray"",""translate"":""item.gm4.shamir.animi"",""fallback"":""Animi""}"
"{""italic"":false,""color"":""#F0EAD6"",""translate"":""%1$s%3427655$s"",""with"":[""Barium Band"",{""translate"":""item.gm4.metallurgy.band"",""with"":[{""translate"":""item.gm4.metallurgy.barium""}]}]}"|"{""italic"":false,""color"":""#F0EAD6"",""translate"":""item.gm4.metallurgy.band"",""fallback"":""%s Band"",""with"":[{""translate"":""item.gm4.metallurgy.barium"",""fallback"":""Barium""}]}"
"{""italic"":false,""color"":""aqua"",""translate"":""%1$s%3427655$s"",""with"":[""Shamir"",{""translate"":""item.gm4.metallurgy.shamir""}]}"|"{""italic"":false,""color"":""aqua"",""translate"":""item.gm4.metallurgy.shamir"",""fallback"":""Shamir""}"
"{""italic"":false,""color"":""gray"",""translate"":""%1$s%3427655$s"",""with"":[""Arborenda"",{""translate"":""item.gm4.shamir.arborenda""}]}"|"{""italic"":false,""color"":""gray"",""translate"":""item.gm4.shamir.arborenda"",""fallback"":""Arborenda""}"
"{""italic"":false,""color"":""#F0EAD6"",""translate"":""%1$s%3427655$s"",""with"":[""Barium Band"",{""translate"":""item.gm4.metallurgy.band"",""with"":[{""translate"":""item.gm4.metallurgy.barium""}]}]}"|"{""italic"":false,""color"":""#F0EAD6"",""translate"":""item.gm4.metallurgy.band"",""fallback"":""%s Band"",""with"":[{""translate"":""item.gm4.metallurgy.barium"",""fallback"":""Barium""}]}"
"{""italic"":false,""color"":""aqua"",""translate"":""%1$s%3427655$s"",""with"":[""Shamir"",{""translate"":""item.gm4.metallurgy.shamir""}]}"|"{""italic"":false,""color"":""aqua"",""translate"":""item.gm4.metallurgy.shamir"",""fallback"":""Shamir""}"
"{""italic"":false,""color"":""gray"",""translate"":""%1$s%3427655$s"",""with"":[""Audere"",{""translate"":""item.gm4.shamir.audere""}]}"|"{""italic"":false,""color"":""gray"",""translate"":""item.gm4.shamir.audere"",""fallback"":""Audere""}"
"{""italic"":true,""color"":""dark_gray"",""translate"":""%1$s%3427655$s"",""with"":[""Brings abundance beneath you!"",{""translate"":""item.gm4.boots_of_ostara.lore""}]}"|"{""italic"":true,""color"":""dark_gray"",""translate"":""item.gm4.boots_of_ostara.lore"",""fallback"":""Brings abundance beneath you!""}"
"{""italic"":false,""color"":""#D18A8A"",""translate"":""%1$s%3427655$s"",""with"":[""Barimium Band"",{""translate"":""item.gm4.metallurgy.band"",""with"":[{""translate"":""item.gm4.metallurgy.barimium""}]}]}"|"{""italic"":false,""color"":""#D18A8A"",""translate"":""item.gm4.metallurgy.band"",""fallback"":""%s Band"",""with"":[{""translate"":""item.gm4.metallurgy.barimium"",""fallback"":""Barimium""}]}"
"{""italic"":false,""color"":""aqua"",""translate"":""%1$s%3427655$s"",""with"":[""Shamir"",{""translate"":""item.gm4.metallurgy.shamir""}]}"|"{""italic"":false,""color"":""aqua"",""translate"":""item.gm4.metallurgy.shamir"",""fallback"":""Shamir""}"
"{""italic"":false,""color"":""gray"",""translate"":""%1$s%3427655$s"",""with"":[""Fulcio"",{""translate"":""item.gm4.shamir.fulcio""}]}"|"{""italic"":false,""color"":""gray"",""translate"":""item.gm4.shamir.fulcio"",""fallback"":""Fulcio""}"
"{""italic"":false,""color"":""gray"",""translate"":""%1$s%3427655$s"",""with"":[""Tier 1"",{""translate"":""item.gm4.heart_canister.lore.tier"",""with"":[""1""]}]}"|"{""italic"":false,""color"":""gray"",""translate"":""item.gm4.heart_canister.lore.tier"",""fallback"":""Tier %s"",""with"":[""1""]}"
"{""italic"":false,""color"":""gray"",""translate"":""%1$s%3427655$s"",""with"":[""Tier 2"",{""translate"":""item.gm4.heart_canister.lore.tier"",""with"":[""2""]}]}"|"{""italic"":false,""color"":""gray"",""translate"":""item.gm4.heart_canister.lore.tier"",""fallback"":""Tier %s"",""with"":[""2""]}"
"{""italic"":false,""color"":""#F0EAD6"",""translate"":""%1$s%3427655$s"",""with"":[""Barium Band"",{""translate"":""item.gm4.metallurgy.band"",""with"":[{""translate"":""item.gm4.metallurgy.barium""}]}]}"|"{""italic"":false,""color"":""#F0EAD6"",""translate"":""item.gm4.metallurgy.band"",""fallback"":""%s Band"",""with"":[{""translate"":""item.gm4.metallurgy.barium"",""fallback"":""Barium""}]}"
"{""italic"":false,""color"":""aqua"",""translate"":""%1$s%3427655$s"",""with"":[""Shamir"",{""translate"":""item.gm4.metallurgy.shamir""}]}"|"{""italic"":false,""color"":""aqua"",""translate"":""item.gm4.metallurgy.shamir"",""fallback"":""Shamir""}"
"{""italic"":false,""color"":""gray"",""translate"":""%1$s%3427655$s"",""with"":[""Iacio"",{""translate"":""item.gm4.shamir.iacio""}]}"|"{""italic"":false,""color"":""gray"",""translate"":""item.gm4.shamir.iacio"",""fallback"":""Iacio""}"
"{""translate"":""potion.withAmplifier"",""with"":[{""italic"":false,""color"":""red"",""translate"":""%1$s%3427655$s"",""with"":[""Lightning"",{""translate"":""effect.gm4.lightning_in_a_bottle.lightning""}]},{""translate"":""potion.potency.0""}]}"|"{""translate"":""potion.withAmplifier"",""with"":[{""italic"":false,""color"":""red"",""translate"":""effect.gm4.lightning_in_a_bottle.lightning"",""fallback"":""Lightning""},{""translate"":""potion.potency.0""}]}"
"{""translate"":""potion.withAmplifier"",""with"":[{""italic"":false,""color"":""red"",""translate"":""%1$s%3427655$s"",""with"":[""Lightning"",{""translate"":""effect.gm4.lightning_in_a_bottle.lightning""}]},{""translate"":""potion.potency.0""}]}"|"{""translate"":""potion.withAmplifier"",""with"":[{""italic"":false,""color"":""red"",""translate"":""effect.gm4.lightning_in_a_bottle.lightning"",""fallback"":""Lightning""},{""translate"":""potion.potency.0""}]}"
"{""translate"":""potion.withAmplifier"",""with"":[{""italic"":false,""color"":""red"",""translate"":""%1$s%3427655$s"",""with"":[""Lightning"",{""translate"":""effect.gm4.lightning_in_a_bottle.lightning""}]},{""translate"":""potion.potency.0""}]}"|"{""translate"":""potion.withAmplifier"",""with"":[{""italic"":false,""color"":""red"",""translate"":""effect.gm4.lightning_in_a_bottle.lightning"",""fallback"":""Lightning""},{""translate"":""potion.potency.0""}]}"
"{""italic"":false,""color"":""#467A1B"",""translate"":""%1$s%3427655$s"",""with"":[""Curie's Bismium Band"",{""translate"":""item.gm4.metallurgy.band"",""with"":[{""translate"":""item.gm4.metallurgy.curies_bismium""}]}]}"|"{""italic"":false,""color"":""#467A1B"",""translate"":""item.gm4.metallurgy.band"",""fallback"":""%s Band"",""with"":[{""translate"":""item.gm4.metallurgy.curies_bismium"",""fallback"":""Curie's Bismium""}]}"
"{""italic"":false,""color"":""aqua"",""translate"":""%1$s%3427655$s"",""with"":[""Shamir"",{""translate"":""item.gm4.metallurgy.shamir""}]}"|"{""italic"":false,""color"":""aqua"",""translate"":""item.gm4.metallurgy.shamir"",""fallback"":""Shamir""}"
"{""italic"":false,""color"":""gray"",""translate"":""%1$s%3427655$s"",""with"":[""Lumos"",{""translate"":""item.gm4.shamir.lumos""}]}"|"{""italic"":false,""color"":""gray"",""translate"":""item.gm4.shamir.lumos"",""fallback"":""Lumos""}"
"{""italic"":false,""color"":""gray"",""extra"":[{""italic"":false,""color"":""#767676"",""translate"":""%1$s%3427655$s"",""with"":[""Thorium"",{""translate"":""text.gm4.metallurgy.thorium""}]}],""translate"":""%1$s%3427655$s"",""with"":[""Contains "",{""translate"":""text.gm4.metallurgy.contains""}]}"|"{""italic"":false,""color"":""gray"",""extra"":[{""italic"":false,""color"":""#767676"",""translate"":""text.gm4.metallurgy.thorium"",""fallback"":""Thorium""}],""translate"":""text.gm4.metallurgy.contains"",""fallback"":""Contains ""}"
"{""italic"":false,""color"":""gray"",""extra"":[{""italic"":false,""color"":""gold"",""translate"":""%1$s%3427655$s"",""with"":[""Copper"",{""translate"":""text.gm4.metallurgy.copper""}]}],""translate"":""%1$s%3427655$s"",""with"":[""Contains "",{""translate"":""text.gm4.metallurgy.contains""}]}"|"{""italic"":false,""color"":""gray"",""extra"":[{""italic"":false,""color"":""gold"",""translate"":""text.gm4.metallurgy.copper"",""fallback"":""Copper""}],""translate"":""text.gm4.metallurgy.contains"",""fallback"":""Contains ""}"
"{""italic"":false,""color"":""gray"",""extra"":[{""italic"":false,""color"":""#F47989"",""translate"":""%1$s%3427655$s"",""with"":[""B"",{""translate"":""item.gm4.metallurgy.bismuth.red""}]},{""italic"":false,""color"":""#F5B478"",""translate"":""%1$s%3427655$s"",""with"":[""i"",{""translate"":""item.gm4.metallurgy.bismuth.orange""}]},{""italic"":false,""color"":""#F5DD79"",""translate"":""%1$s%3427655$s"",""with"":[""s"",{""translate"":""item.gm4.metallurgy.bismuth.yellow""}]},{""italic"":false,""color"":""#78F4AE"",""translate"":""%1$s%3427655$s"",""with"":[""m"",{""translate"":""item.gm4.metallurgy.bismuth.green""}]},{""italic"":false,""color"":""#79D6F5"",""translate"":""%1$s%3427655$s"",""with"":[""u"",{""translate"":""item.gm4.metallurgy.bismuth.blue""}]},{""italic"":false,""color"":""#8378F5"",""translate"":""%1$s%3427655$s"",""with"":[""t"",{""translate"":""item.gm4.metallurgy.bismuth.purple""}]},{""italic"":false,""color"":""#D579F5"",""translate"":""%1$s%3427655$s"",""with"":[""h"",{""translate"":""item.gm4.metallurgy.bismuth.magenta""}]}],""translate"":""%1$s%3427655$s"",""with"":[{""text"":""Contains ""}]}"|"{""italic"":false,""color"":""gray"",""extra"":[{""italic"":false,""color"":""#F47989"",""translate"":""item.gm4.metallurgy.bismuth.red"",""fallback"":""B""},{""italic"":false,""color"":""#F5B478"",""translate"":""item.gm4.metallurgy.bismuth.orange"",""fallback"":""i""},{""italic"":false,""color"":""#F5DD79"",""translate"":""item.gm4.metallurgy.bismuth.yellow"",""fallback"":""s""},{""italic"":false,""color"":""#78F4AE"",""translate"":""item.gm4.metallurgy.bismuth.green"",""fallback"":""m""},{""italic"":false,""color"":""#79D6F5"",""translate"":""item.gm4.metallurgy.bismuth.blue"",""fallback"":""u""},{""italic"":false,""color"":""#8378F5"",""translate"":""item.gm4.metallurgy.bismuth.purple"",""fallback"":""t""},{""italic"":false,""color"":""#D579F5"",""translate"":""item.gm4.metallurgy.bismuth.magenta"",""fallback"":""h""}],""translate"":""text.gm4.metallurgy.contains"",""fallback"":""Contains ""}"
"{""italic"":false,""color"":""gray"",""extra"":[{""italic"":false,""color"":""#F47989"",""translate"":""%1$s%3427655$s"",""with"":[""Aluminium"",{""translate"":""text.gm4.metallurgy.aluminium""}]}],""translate"":""%1$s%3427655$s"",""with"":[""Contains "",{""translate"":""text.gm4.metallurgy.contains""}]}"|"{""italic"":false,""color"":""gray"",""extra"":[{""italic"":false,""color"":""#F47989"",""translate"":""text.gm4.metallurgy.aluminium"",""fallback"":""Aluminium""}],""translate"":""text.gm4.metallurgy.contains"",""fallback"":""Contains ""}"
"{""italic"":false,""color"":""gray"",""extra"":[{""italic"":false,""color"":""#F0EAD6"",""translate"":""%1$s%3427655$s"",""with"":[""Barium"",{""translate"":""text.gm4.metallurgy.barium""}]}],""translate"":""%1$s%3427655$s"",""with"":[""Contains "",{""translate"":""text.gm4.metallurgy.contains""}]}"|"{""italic"":false,""color"":""gray"",""extra"":[{""italic"":false,""color"":""#F0EAD6"",""translate"":""text.gm4.metallurgy.barium"",""fallback"":""Barium""}],""translate"":""text.gm4.metallurgy.contains"",""fallback"":""Contains ""}"
"{""italic"":false,""color"":""#F47989"",""translate"":""%1$s%3427655$s"",""with"":[""Aluminium Band"",{""translate"":""item.gm4.metallurgy.band"",""with"":[{""translate"":""item.gm4.metallurgy.aluminium""}]}]}"|"{""italic"":false,""color"":""#F47989"",""translate"":""item.gm4.metallurgy.band"",""fallback"":""%s Band"",""with"":[{""translate"":""item.gm4.metallurgy.aluminium"",""fallback"":""Aluminium""}]}"
"{""italic"":false,""color"":""aqua"",""translate"":""%1$s%3427655$s"",""with"":[""Shamir"",{""translate"":""item.gm4.metallurgy.shamir""}]}"|"{""italic"":false,""color"":""aqua"",""translate"":""item.gm4.metallurgy.shamir"",""fallback"":""Shamir""}"
"{""italic"":false,""color"":""#D18A8A"",""translate"":""%1$s%3427655$s"",""with"":[""Barimium Band"",{""translate"":""item.gm4.metallurgy.band"",""with"":[{""translate"":""item.gm4.metallurgy.barimium""}]}]}"|"{""italic"":false,""color"":""#D18A8A"",""translate"":""item.gm4.metallurgy.band"",""fallback"":""%s Band"",""with"":[{""translate"":""item.gm4.metallurgy.barimium"",""fallback"":""Barimium""}]}"
"{""italic"":false,""color"":""aqua"",""translate"":""%1$s%3427655$s"",""with"":[""Shamir"",{""translate"":""item.gm4.metallurgy.shamir""}]}"|"{""italic"":false,""color"":""aqua"",""translate"":""item.gm4.metallurgy.shamir"",""fallback"":""Shamir""}"
"{""italic"":false,""color"":""#F0EAD6"",""translate"":""%1$s%3427655$s"",""with"":[""Barium Band"",{""translate"":""item.gm4.metallurgy.band"",""with"":[{""translate"":""item.gm4.metallurgy.barium""}]}]}"|"{""italic"":false,""color"":""#F0EAD6"",""translate"":""item.gm4.metallurgy.band"",""fallback"":""%s Band"",""with"":[{""translate"":""item.gm4.metallurgy.barium"",""fallback"":""Barium""}]}"
"{""italic"":false,""color"":""aqua"",""translate"":""%1$s%3427655$s"",""with"":[""Shamir"",{""translate"":""item.gm4.metallurgy.shamir""}]}"|"{""italic"":false,""color"":""aqua"",""translate"":""item.gm4.metallurgy.shamir"",""fallback"":""Shamir""}"
"{""italic"":false,""color"":""#F47989"",""extra"":[{""italic"":false,""color"":""#F5B478"",""translate"":""%1$s%3427655$s"",""with"":[""sm"",{""translate"":""item.gm4.metallurgy.band"",""with"":[{""translate"":""item.gm4.metallurgy.bismuth.orange""}]}]},{""italic"":false,""color"":""#F5DD79"",""translate"":""%1$s%3427655$s"",""with"":[""ut"",{""translate"":""item.gm4.metallurgy.band"",""with"":[{""translate"":""item.gm4.metallurgy.bismuth.yellow""}]}]},{""italic"":false,""color"":""#78F4AE"",""translate"":""%1$s%3427655$s"",""with"":[""h "",{""translate"":""item.gm4.metallurgy.band"",""with"":[{""translate"":""item.gm4.metallurgy.bismuth.green""}]}]},{""italic"":false,""color"":""#79D6F5"",""translate"":""%1$s%3427655$s"",""with"":[""Ba"",{""translate"":""item.gm4.metallurgy.band"",""with"":[{""translate"":""item.gm4.metallurgy.bismuth.blue""}]}]},{""italic"":false,""color"":""#8378F5"",""translate"":""%1$s%3427655$s"",""with"":[""nd"",{""translate"":""item.gm4.metallurgy.band"",""with"":[{""translate"":""item.gm4.metallurgy.bismuth.purple""}]}]},{""italic"":false,""color"":""#D579F5"",""translate"":""%1$s%3427655$s"",""with"":["""",{""translate"":""item.gm4.metallurgy.band"",""with"":[{""translate"":""item.gm4.metallurgy.bismuth.magenta""}]}]}],""translate"":""%1$s%3427655$s"",""with"":[""Bi"",{""translate"":""item.gm4.metallurgy.band"",""with"":[{""translate"":""item.gm4.metallurgy.bismuth.red""}]}]}"|"{""italic"":false,""color"":""#F47989"",""extra"":[{""italic"":false,""color"":""#F5B478"",""translate"":""item.gm4.metallurgy.bismuth.orange"",""fallback"":""sm""},{""italic"":false,""color"":""#F5DD79"",""translate"":""item.gm4.metallurgy.bismuth.yellow"",""fallback"":""ut""},{""italic"":false,""color"":""#78F4AE"",""translate"":""item.gm4.metallurgy.bismuth.green"",""fallback"":""h ""},{""italic"":false,""color"":""#79D6F5"",""translate"":""item.gm4.metallurgy.bismuth.blue"",""fallback"":""Ba""},{""italic"":false,""color"":""#8378F5"",""translate"":""item.gm4.metallurgy.bismuth.purple"",""fallback"":""nd""},{""italic"":false,""color"":""#D579F5"",""translate"":""item.gm4.metallurgy.bismuth.magenta"",""fallback"":""""}],""translate"":""item.gm4.metallurgy.bismuth.red"",""fallback"":""Bi""}"
"{""italic"":false,""color"":""aqua"",""translate"":""%1$s%3427655$s"",""with"":[""Shamir"",{""translate"":""item.gm4.metallurgy.shamir""}]}"|"{""italic"":false,""color"":""aqua"",""translate"":""item.gm4.metallurgy.shamir"",""fallback"":""Shamir""}"
"{""italic"":false,""color"":""gold"",""translate"":""%1$s%3427655$s"",""with"":[""Copper Band"",{""translate"":""item.gm4.metallurgy.band"",""with"":[{""translate"":""item.gm4.metallurgy.copper""}]}]}"|"{""italic"":false,""color"":""gold"",""translate"":""item.gm4.metallurgy.band"",""fallback"":""%s Band"",""with"":[{""translate"":""item.gm4.metallurgy.copper"",""fallback"":""Copper""}]}"
"{""italic"":false,""color"":""aqua"",""translate"":""%1$s%3427655$s"",""with"":[""Shamir"",{""translate"":""item.gm4.metallurgy.shamir""}]}"|"{""italic"":false,""color"":""aqua"",""translate"":""item.gm4.metallurgy.shamir"",""fallback"":""Shamir""}"
"{""italic"":false,""color"":""#467A1B"",""translate"":""%1$s%3427655$s"",""with"":[""Curie's Bismium Band"",{""translate"":""item.gm4.metallurgy.band"",""with"":[{""translate"":""item.gm4.metallurgy.curies_bismium""}]}]}"|"{""italic"":false,""color"":""#467A1B"",""translate"":""item.gm4.metallurgy.band"",""fallback"":""%s Band"",""with"":[{""translate"":""item.gm4.metallurgy.curies_bismium"",""fallback"":""Curie's Bismium""}]}"
"{""italic"":false,""color"":""aqua"",""translate"":""%1$s%3427655$s"",""with"":[""Shamir"",{""translate"":""item.gm4.metallurgy.shamir""}]}"|"{""italic"":false,""color"":""aqua"",""translate"":""item.gm4.metallurgy.shamir"",""fallback"":""Shamir""}"
"{""italic"":false,""color"":""#767676"",""translate"":""%1$s%3427655$s"",""with"":[""Thorium Band"",{""translate"":""item.gm4.metallurgy.band"",""with"":[{""translate"":""item.gm4.metallurgy.thorium""}]}]}"|"{""italic"":false,""color"":""#767676"",""translate"":""item.gm4.metallurgy.band"",""fallback"":""%s Band"",""with"":[{""translate"":""item.gm4.metallurgy.thorium"",""fallback"":""Thorium""}]}"
"{""italic"":false,""color"":""aqua"",""translate"":""%1$s%3427655$s"",""with"":[""Shamir"",{""translate"":""item.gm4.metallurgy.shamir""}]}"|"{""italic"":false,""color"":""aqua"",""translate"":""item.gm4.metallurgy.shamir"",""fallback"":""Shamir""}"
"{""italic"":false,""color"":""dark_green"",""translate"":""%1$s%3427655$s"",""with"":[""Thorium Brass Band"",{""translate"":""item.gm4.metallurgy.band"",""with"":[{""translate"":""item.gm4.metallurgy.thorium_brass""}]}]}"|"{""italic"":false,""color"":""dark_green"",""translate"":""item.gm4.metallurgy.band"",""fallback"":""%s Band"",""with"":[{""translate"":""item.gm4.metallurgy.thorium_brass"",""fallback"":""Thorium Brass""}]}"
"{""italic"":false,""color"":""aqua"",""translate"":""%1$s%3427655$s"",""with"":[""Shamir"",{""translate"":""item.gm4.metallurgy.shamir""}]}"|"{""italic"":false,""color"":""aqua"",""translate"":""item.gm4.metallurgy.shamir"",""fallback"":""Shamir""}"
"{""italic"":false,""color"":""#F47989"",""extra"":[{""italic"":false,""color"":""#F5B478"",""translate"":""%1$s%3427655$s"",""with"":[""sm"",{""translate"":""item.gm4.metallurgy.band"",""with"":[{""translate"":""item.gm4.metallurgy.bismuth.orange""}]}]},{""italic"":false,""color"":""#F5DD79"",""translate"":""%1$s%3427655$s"",""with"":[""ut"",{""translate"":""item.gm4.metallurgy.band"",""with"":[{""translate"":""item.gm4.metallurgy.bismuth.yellow""}]}]},{""italic"":false,""color"":""#78F4AE"",""translate"":""%1$s%3427655$s"",""with"":[""h "",{""translate"":""item.gm4.metallurgy.band"",""with"":[{""translate"":""item.gm4.metallurgy.bismuth.green""}]}]},{""italic"":false,""color"":""#79D6F5"",""translate"":""%1$s%3427655$s"",""with"":[""Ba"",{""translate"":""item.gm4.metallurgy.band"",""with"":[{""translate"":""item.gm4.metallurgy.bismuth.blue""}]}]},{""italic"":false,""color"":""#8378F5"",""translate"":""%1$s%3427655$s"",""with"":[""nd"",{""translate"":""item.gm4.metallurgy.band"",""with"":[{""translate"":""item.gm4.metallurgy.bismuth.purple""}]}]},{""italic"":false,""color"":""#D579F5"",""translate"":""%1$s%3427655$s"",""with"":["""",{""translate"":""item.gm4.metallurgy.band"",""with"":[{""translate"":""item.gm4.metallurgy.bismuth.magenta""}]}]}],""translate"":""%1$s%3427655$s"",""with"":[""Bi"",{""translate"":""item.gm4.metallurgy.band"",""with"":[{""translate"":""item.gm4.metallurgy.bismuth.red""}]}]}"|"{""italic"":false,""color"":""#F47989"",""extra"":[{""italic"":false,""color"":""#F5B478"",""translate"":""item.gm4.metallurgy.bismuth.orange"",""fallback"":""sm""},{""italic"":false,""color"":""#F5DD79"",""translate"":""item.gm4.metallurgy.bismuth.yellow"",""fallback"":""ut""},{""italic"":false,""color"":""#78F4AE"",""translate"":""item.gm4.metallurgy.bismuth.green"",""fallback"":""h ""},{""italic"":false,""color"":""#79D6F5"",""translate"":""item.gm4.metallurgy.bismuth.blue"",""fallback"":""Ba""},{""italic"":false,""color"":""#8378F5"",""translate"":""item.gm4.metallurgy.bismuth.purple"",""fallback"":""nd""},{""italic"":false,""color"":""#D579F5"",""translate"":""item.gm4.metallurgy.bismuth.magenta"",""fallback"":""""}],""translate"":""item.gm4.metallurgy.bismuth.red"",""fallback"":""Bi""}"
"{""italic"":false,""color"":""aqua"",""translate"":""%1$s%3427655$s"",""with"":[""Shamir"",{""translate"":""item.gm4.metallurgy.shamir""}]}"|"{""italic"":false,""color"":""aqua"",""translate"":""item.gm4.metallurgy.shamir"",""fallback"":""Shamir""}"
"{""italic"":false,""color"":""gray"",""translate"":""%1$s%3427655$s"",""with"":[""Forterra"",{""translate"":""item.gm4.shamir.forterra""}]}"|"{""italic"":false,""color"":""gray"",""translate"":""item.gm4.shamir.forterra"",""fallback"":""Forterra""}"
"{""italic"":false,""color"":""#F47989"",""extra"":[{""italic"":false,""color"":""#F5B478"",""translate"":""%1$s%3427655$s"",""with"":[""sm"",{""translate"":""item.gm4.metallurgy.band"",""with"":[{""translate"":""item.gm4.metallurgy.bismuth.orange""}]}]},{""italic"":false,""color"":""#F5DD79"",""translate"":""%1$s%3427655$s"",""with"":[""ut"",{""translate"":""item.gm4.metallurgy.band"",""with"":[{""translate"":""item.gm4.metallurgy.bismuth.yellow""}]}]},{""italic"":false,""color"":""#78F4AE"",""translate"":""%1$s%3427655$s"",""with"":[""h "",{""translate"":""item.gm4.metallurgy.band"",""with"":[{""translate"":""item.gm4.metallurgy.bismuth.green""}]}]},{""italic"":false,""color"":""#79D6F5"",""translate"":""%1$s%3427655$s"",""with"":[""Ba"",{""translate"":""item.gm4.metallurgy.band"",""with"":[{""translate"":""item.gm4.metallurgy.bismuth.blue""}]}]},{""italic"":false,""color"":""#8378F5"",""translate"":""%1$s%3427655$s"",""with"":[""nd"",{""translate"":""item.gm4.metallurgy.band"",""with"":[{""translate"":""item.gm4.metallurgy.bismuth.purple""}]}]},{""italic"":false,""color"":""#D579F5"",""translate"":""%1$s%3427655$s"",""with"":["""",{""translate"":""item.gm4.metallurgy.band"",""with"":[{""translate"":""item.gm4.metallurgy.bismuth.magenta""}]}]}],""translate"":""%1$s%3427655$s"",""with"":[""Bi"",{""translate"":""item.gm4.metallurgy.band"",""with"":[{""translate"":""item.gm4.metallurgy.bismuth.red""}]}]}"|"{""italic"":false,""color"":""#F47989"",""extra"":[{""italic"":false,""color"":""#F5B478"",""translate"":""item.gm4.metallurgy.bismuth.orange"",""fallback"":""sm""},{""italic"":false,""color"":""#F5DD79"",""translate"":""item.gm4.metallurgy.bismuth.yellow"",""fallback"":""ut""},{""italic"":false,""color"":""#78F4AE"",""translate"":""item.gm4.metallurgy.bismuth.green"",""fallback"":""h ""},{""italic"":false,""color"":""#79D6F5"",""translate"":""item.gm4.metallurgy.bismuth.blue"",""fallback"":""Ba""},{""italic"":false,""color"":""#8378F5"",""translate"":""item.gm4.metallurgy.bismuth.purple"",""fallback"":""nd""},{""italic"":false,""color"":""#D579F5"",""translate"":""item.gm4.metallurgy.bismuth.magenta"",""fallback"":""""}],""translate"":""item.gm4.metallurgy.bismuth.red"",""fallback"":""Bi""}"
"{""italic"":false,""color"":""aqua"",""translate"":""%1$s%3427655$s"",""with"":[""Shamir"",{""translate"":""item.gm4.metallurgy.shamir""}]}"|"{""italic"":false,""color"":""aqua"",""translate"":""item.gm4.metallurgy.shamir"",""fallback"":""Shamir""}"
"{""italic"":false,""color"":""gray"",""translate"":""%1$s%3427655$s"",""with"":[""Hypexperia"",{""translate"":""item.gm4.shamir.hypexperia""}]}"|"{""italic"":false,""color"":""gray"",""translate"":""item.gm4.shamir.hypexperia"",""fallback"":""Hypexperia""}"
"{""italic"":false,""color"":""#467A1B"",""translate"":""%1$s%3427655$s"",""with"":[""Curie's Bismium Band"",{""translate"":""item.gm4.metallurgy.band"",""with"":[{""translate"":""item.gm4.metallurgy.curies_bismium""}]}]}"|"{""italic"":false,""color"":""#467A1B"",""translate"":""item.gm4.metallurgy.band"",""fallback"":""%s Band"",""with"":[{""translate"":""item.gm4.metallurgy.curies_bismium"",""fallback"":""Curie's Bismium""}]}"
"{""italic"":false,""color"":""aqua"",""translate"":""%1$s%3427655$s"",""with"":[""Shamir"",{""translate"":""item.gm4.metallurgy.shamir""}]}"|"{""italic"":false,""color"":""aqua"",""translate"":""item.gm4.metallurgy.shamir"",""fallback"":""Shamir""}"
"{""italic"":false,""color"":""gray"",""translate"":""%1$s%3427655$s"",""with"":[""Spiraculum"",{""translate"":""item.gm4.shamir.spiraculum""}]}"|"{""italic"":false,""color"":""gray"",""translate"":""item.gm4.shamir.spiraculum"",""fallback"":""Spiraculum""}"
"{""italic"":false,""color"":""#F0EAD6"",""translate"":""%1$s%3427655$s"",""with"":[""Barium Band"",{""translate"":""item.gm4.metallurgy.band"",""with"":[{""translate"":""item.gm4.metallurgy.barium""}]}]}"|"{""italic"":false,""color"":""#F0EAD6"",""translate"":""item.gm4.metallurgy.band"",""fallback"":""%s Band"",""with"":[{""translate"":""item.gm4.metallurgy.barium"",""fallback"":""Barium""}]}"
"{""italic"":false,""color"":""aqua"",""translate"":""%1$s%3427655$s"",""with"":[""Shamir"",{""translate"":""item.gm4.metallurgy.shamir""}]}"|"{""italic"":false,""color"":""aqua"",""translate"":""item.gm4.metallurgy.shamir"",""fallback"":""Shamir""}"
"{""italic"":false,""color"":""gray"",""translate"":""%1$s%3427655$s"",""with"":[""Sensus"",{""translate"":""item.gm4.shamir.sensus""}]}"|"{""italic"":false,""color"":""gray"",""translate"":""item.gm4.shamir.sensus"",""fallback"":""Sensus""}"
"{""italic"":false,""color"":""#767676"",""translate"":""%1$s%3427655$s"",""with"":[""Thorium Band"",{""translate"":""item.gm4.metallurgy.band"",""with"":[{""translate"":""item.gm4.metallurgy.thorium""}]}]}"|"{""italic"":false,""color"":""#767676"",""translate"":""item.gm4.metallurgy.band"",""fallback"":""%s Band"",""with"":[{""translate"":""item.gm4.metallurgy.thorium"",""fallback"":""Thorium""}]}"
"{""italic"":false,""color"":""aqua"",""translate"":""%1$s%3427655$s"",""with"":[""Shamir"",{""translate"":""item.gm4.metallurgy.shamir""}]}"|"{""italic"":false,""color"":""aqua"",""translate"":""item.gm4.metallurgy.shamir"",""fallback"":""Shamir""}"
"{""italic"":false,""color"":""gray"",""translate"":""%1$s%3427655$s"",""with"":[""Ender Bolt"",{""translate"":""item.gm4.shamir.ender_bolt""}]}"|"{""italic"":false,""color"":""gray"",""translate"":""item.gm4.shamir.ender_bolt"",""fallback"":""Ender Bolt""}"
"{""italic"":false,""color"":""#D18A8A"",""translate"":""%1$s%3427655$s"",""with"":[""Barimium Band"",{""translate"":""item.gm4.metallurgy.band"",""with"":[{""translate"":""item.gm4.metallurgy.barimium""}]}]}"|"{""italic"":false,""color"":""#D18A8A"",""translate"":""item.gm4.metallurgy.band"",""fallback"":""%s Band"",""with"":[{""translate"":""item.gm4.metallurgy.barimium"",""fallback"":""Barimium""}]}"
"{""italic"":false,""color"":""aqua"",""translate"":""%1$s%3427655$s"",""with"":[""Shamir"",{""translate"":""item.gm4.metallurgy.shamir""}]}"|"{""italic"":false,""color"":""aqua"",""translate"":""item.gm4.metallurgy.shamir"",""fallback"":""Shamir""}"
"{""italic"":false,""color"":""gray"",""translate"":""%1$s%3427655$s"",""with"":[""Musical"",{""translate"":""item.gm4.shamir.musical""}]}"|"{""italic"":false,""color"":""gray"",""translate"":""item.gm4.shamir.musical"",""fallback"":""Musical""}"
"{""italic"":false,""color"":""#D18A8A"",""translate"":""%1$s%3427655$s"",""with"":[""Barimium Band"",{""translate"":""item.gm4.metallurgy.band"",""with"":[{""translate"":""item.gm4.metallurgy.barimium""}]}]}"|"{""italic"":false,""color"":""#D18A8A"",""translate"":""item.gm4.metallurgy.band"",""fallback"":""%s Band"",""with"":[{""translate"":""item.gm4.metallurgy.barimium"",""fallback"":""Barimium""}]}"
"{""italic"":false,""color"":""aqua"",""translate"":""%1$s%3427655$s"",""with"":[""Shamir"",{""translate"":""item.gm4.metallurgy.shamir""}]}"|"{""italic"":false,""color"":""aqua"",""translate"":""item.gm4.metallurgy.shamir"",""fallback"":""Shamir""}"
"{""italic"":false,""color"":""gray"",""translate"":""%1$s%3427655$s"",""with"":[""Gemini"",{""translate"":""item.gm4.shamir.gemini""}]}"|"{""italic"":false,""color"":""gray"",""translate"":""item.gm4.shamir.gemini"",""fallback"":""Gemini""}"
"{""italic"":false,""color"":""#F47989"",""translate"":""%1$s%3427655$s"",""with"":[""Aluminium Band"",{""translate"":""item.gm4.metallurgy.band"",""with"":[{""translate"":""item.gm4.metallurgy.aluminium""}]}]}"|"{""italic"":false,""color"":""#F47989"",""translate"":""item.gm4.metallurgy.band"",""fallback"":""%s Band"",""with"":[{""translate"":""item.gm4.metallurgy.aluminium"",""fallback"":""Aluminium""}]}"
"{""italic"":false,""color"":""aqua"",""translate"":""%1$s%3427655$s"",""with"":[""Shamir"",{""translate"":""item.gm4.metallurgy.shamir""}]}"|"{""italic"":false,""color"":""aqua"",""translate"":""item.gm4.metallurgy.shamir"",""fallback"":""Shamir""}"
"{""italic"":false,""color"":""gray"",""translate"":""%1$s%3427655$s"",""with"":[""Defuse"",{""translate"":""item.gm4.shamir.defuse""}]}"|"{""italic"":false,""color"":""gray"",""translate"":""item.gm4.shamir.defuse"",""fallback"":""Defuse""}"
"{""italic"":false,""color"":""#F47989"",""translate"":""%1$s%3427655$s"",""with"":[""Aluminium Band"",{""translate"":""item.gm4.metallurgy.band"",""with"":[{""translate"":""item.gm4.metallurgy.aluminium""}]}]}"|"{""italic"":false,""color"":""#F47989"",""translate"":""item.gm4.metallurgy.band"",""fallback"":""%s Band"",""with"":[{""translate"":""item.gm4.metallurgy.aluminium"",""fallback"":""Aluminium""}]}"
"{""italic"":false,""color"":""aqua"",""translate"":""%1$s%3427655$s"",""with"":[""Shamir"",{""translate"":""item.gm4.metallurgy.shamir""}]}"|"{""italic"":false,""color"":""aqua"",""translate"":""item.gm4.metallurgy.shamir"",""fallback"":""Shamir""}"
"{""italic"":false,""color"":""gray"",""translate"":""%1$s%3427655$s"",""with"":[""Moneo"",{""translate"":""item.gm4.shamir.moneo""}]}"|"{""italic"":false,""color"":""gray"",""translate"":""item.gm4.shamir.moneo"",""fallback"":""Moneo""}"
"{""italic"":false,""color"":""#767676"",""translate"":""%1$s%3427655$s"",""with"":[""Thorium Band"",{""translate"":""item.gm4.metallurgy.band"",""with"":[{""translate"":""item.gm4.metallurgy.thorium""}]}]}"|"{""italic"":false,""color"":""#767676"",""translate"":""item.gm4.metallurgy.band"",""fallback"":""%s Band"",""with"":[{""translate"":""item.gm4.metallurgy.thorium"",""fallback"":""Thorium""}]}"
"{""italic"":false,""color"":""aqua"",""translate"":""%1$s%3427655$s"",""with"":[""Shamir"",{""translate"":""item.gm4.metallurgy.shamir""}]}"|"{""italic"":false,""color"":""aqua"",""translate"":""item.gm4.metallurgy.shamir"",""fallback"":""Shamir""}"
"{""italic"":false,""color"":""gray"",""translate"":""%1$s%3427655$s"",""with"":[""Vibro"",{""translate"":""item.gm4.shamir.vibro""}]}"|"{""italic"":false,""color"":""gray"",""translate"":""item.gm4.shamir.vibro"",""fallback"":""Vibro""}"
"{""italic"":false,""color"":""#467A1B"",""translate"":""%1$s%3427655$s"",""with"":[""Curie's Bismium Band"",{""translate"":""item.gm4.metallurgy.band"",""with"":[{""translate"":""item.gm4.metallurgy.curies_bismium""}]}]}"|"{""italic"":false,""color"":""#467A1B"",""translate"":""item.gm4.metallurgy.band"",""fallback"":""%s Band"",""with"":[{""translate"":""item.gm4.metallurgy.curies_bismium"",""fallback"":""Curie's Bismium""}]}"
"{""italic"":false,""color"":""aqua"",""translate"":""%1$s%3427655$s"",""with"":[""Shamir"",{""translate"":""item.gm4.metallurgy.shamir""}]}"|"{""italic"":false,""color"":""aqua"",""translate"":""item.gm4.metallurgy.shamir"",""fallback"":""Shamir""}"
"{""italic"":false,""color"":""gray"",""translate"":""%1$s%3427655$s"",""with"":[""Tinker"",{""translate"":""item.gm4.shamir.tinker""}]}"|"{""italic"":false,""color"":""gray"",""translate"":""item.gm4.shamir.tinker"",""fallback"":""Tinker""}"
"{""italic"":false,""color"":""blue"",""translate"":""%1$s%3427655$s"",""with"":[""Withering"",{""translate"":""text.gm4.pneuma_withering""}]}"|"{""italic"":false,""color"":""blue"",""translate"":""text.gm4.pneuma_withering"",""fallback"":""Withering""}"
"{""italic"":false,""color"":""blue"",""translate"":""%1$s%3427655$s"",""with"":[""Aggressive"",{""translate"":""text.gm4.pneuma_aggressive""}]}"|"{""italic"":false,""color"":""blue"",""translate"":""text.gm4.pneuma_aggressive"",""fallback"":""Aggressive""}"
"{""italic"":false,""color"":""blue"",""translate"":""%1$s%3427655$s"",""with"":[""Agile"",{""translate"":""text.gm4.pneuma_agile""}]}"|"{""italic"":false,""color"":""blue"",""translate"":""text.gm4.pneuma_agile"",""fallback"":""Agile""}"
"{""italic"":false,""color"":""blue"",""translate"":""%1$s%3427655$s"",""with"":[""Anchoring"",{""translate"":""text.gm4.pneuma_anchoring""}]}"|"{""italic"":false,""color"":""blue"",""translate"":""text.gm4.pneuma_anchoring"",""fallback"":""Anchoring""}"
"{""italic"":false,""color"":""blue"",""translate"":""%1$s%3427655$s"",""with"":[""Bargaining"",{""translate"":""text.gm4.pneuma_bargaining""}]}"|"{""italic"":false,""color"":""blue"",""translate"":""text.gm4.pneuma_bargaining"",""fallback"":""Bargaining""}"
"{""italic"":false,""color"":""blue"",""translate"":""%1$s%3427655$s"",""with"":[""Bashing"",{""translate"":""text.gm4.pneuma_bashing""}]}"|"{""italic"":false,""color"":""blue"",""translate"":""text.gm4.pneuma_bashing"",""fallback"":""Bashing""}"
"{""italic"":false,""color"":""blue"",""translate"":""%1$s%3427655$s"",""with"":[""Blasting"",{""translate"":""text.gm4.pneuma_blasting""}]}"|"{""italic"":false,""color"":""blue"",""translate"":""text.gm4.pneuma_blasting"",""fallback"":""Blasting""}"
"{""italic"":false,""color"":""blue"",""translate"":""%1$s%3427655$s"",""with"":[""Blinding"",{""translate"":""text.gm4.pneuma_blinding""}]}"|"{""italic"":false,""color"":""blue"",""translate"":""text.gm4.pneuma_blinding"",""fallback"":""Blinding""}"
"{""italic"":false,""color"":""blue"",""translate"":""%1$s%3427655$s"",""with"":[""Bounding"",{""translate"":""text.gm4.pneuma_bounding""}]}"|"{""italic"":false,""color"":""blue"",""translate"":""text.gm4.pneuma_bounding"",""fallback"":""Bounding""}"
"{""italic"":false,""color"":""blue"",""translate"":""%1$s%3427655$s"",""with"":[""Conjuring"",{""translate"":""text.gm4.pneuma_conjuring""}]}"|"{""italic"":false,""color"":""blue"",""translate"":""text.gm4.pneuma_conjuring"",""fallback"":""Conjuring""}"
"{""italic"":false,""color"":""blue"",""translate"":""%1$s%3427655$s"",""with"":[""Depriving"",{""translate"":""text.gm4.pneuma_depriving""}]}"|"{""italic"":false,""color"":""blue"",""translate"":""text.gm4.pneuma_depriving"",""fallback"":""Depriving""}"
"{""italic"":false,""color"":""blue"",""translate"":""%1$s%3427655$s"",""with"":[""Draining"",{""translate"":""text.gm4.pneuma_draining""}]}"|"{""italic"":false,""color"":""blue"",""translate"":""text.gm4.pneuma_draining"",""fallback"":""Draining""}"
"{""italic"":false,""color"":""blue"",""translate"":""%1$s%3427655$s"",""with"":[""Enduring"",{""translate"":""text.gm4.pneuma_enduring""}]}"|"{""italic"":false,""color"":""blue"",""translate"":""text.gm4.pneuma_enduring"",""fallback"":""Enduring""}"
"{""italic"":false,""color"":""blue"",""translate"":""%1$s%3427655$s"",""with"":[""Expeditious"",{""translate"":""text.gm4.pneuma_expeditious""}]}"|"{""italic"":false,""color"":""blue"",""translate"":""text.gm4.pneuma_expeditious"",""fallback"":""Expeditious""}"
"{""italic"":false,""color"":""blue"",""translate"":""%1$s%3427655$s"",""with"":[""Feathery"",{""translate"":""text.gm4.pneuma_feathery""}]}"|"{""italic"":false,""color"":""blue"",""translate"":""text.gm4.pneuma_feathery"",""fallback"":""Feathery""}"
"{""italic"":false,""color"":""blue"",""translate"":""%1$s%3427655$s"",""with"":[""Feigning"",{""translate"":""text.gm4.pneuma_feigning""}]}"|"{""italic"":false,""color"":""blue"",""translate"":""text.gm4.pneuma_feigning"",""fallback"":""Feigning""}"
"{""italic"":false,""color"":""blue"",""translate"":""%1$s%3427655$s"",""with"":[""Freezing"",{""translate"":""text.gm4.pneuma_freezing""}]}"|"{""italic"":false,""color"":""blue"",""translate"":""text.gm4.pneuma_freezing"",""fallback"":""Freezing""}"
"{""italic"":false,""color"":""blue"",""translate"":""%1$s%3427655$s"",""with"":[""Gazing"",{""translate"":""text.gm4.pneuma_gazing""}]}"|"{""italic"":false,""color"":""blue"",""translate"":""text.gm4.pneuma_gazing"",""fallback"":""Gazing""}"
"{""italic"":false,""color"":""blue"",""translate"":""%1$s%3427655$s"",""with"":[""Gliding"",{""translate"":""text.gm4.pneuma_gliding""}]}"|"{""italic"":false,""color"":""blue"",""translate"":""text.gm4.pneuma_gliding"",""fallback"":""Gliding""}"
"{""italic"":false,""color"":""blue"",""translate"":""%1$s%3427655$s"",""with"":[""Hawkeye"",{""translate"":""text.gm4.pneuma_hawkeye""}]}"|"{""italic"":false,""color"":""blue"",""translate"":""text.gm4.pneuma_hawkeye"",""fallback"":""Hawkeye""}"
"{""italic"":false,""color"":""blue"",""translate"":""%1$s%3427655$s"",""with"":[""Incombustible"",{""translate"":""text.gm4.pneuma_incombustible""}]}"|"{""italic"":false,""color"":""blue"",""translate"":""text.gm4.pneuma_incombustible"",""fallback"":""Incombustible""}"
"{""italic"":false,""color"":""blue"",""translate"":""%1$s%3427655$s"",""with"":[""Lifeless"",{""translate"":""text.gm4.pneuma_lifeless""}]}"|"{""italic"":false,""color"":""blue"",""translate"":""text.gm4.pneuma_lifeless"",""fallback"":""Lifeless""}"
"{""italic"":false,""color"":""blue"",""translate"":""%1$s%3427655$s"",""with"":[""Neutralizing"",{""translate"":""text.gm4.pneuma_neutralizing""}]}"|"{""italic"":false,""color"":""blue"",""translate"":""text.gm4.pneuma_neutralizing"",""fallback"":""Neutralizing""}"
"{""italic"":false,""color"":""blue"",""translate"":""%1$s%3427655$s"",""with"":[""Phasing"",{""translate"":""text.gm4.pneuma_phasing""}]}"|"{""italic"":false,""color"":""blue"",""translate"":""text.gm4.pneuma_phasing"",""fallback"":""Phasing""}"
"{""italic"":false,""color"":""blue"",""translate"":""%1$s%3427655$s"",""with"":[""Retreating"",{""translate"":""text.gm4.pneuma_retreating""}]}"|"{""italic"":false,""color"":""blue"",""translate"":""text.gm4.pneuma_retreating"",""fallback"":""Retreating""}"
"{""italic"":false,""color"":""blue"",""translate"":""%1$s%3427655$s"",""with"":[""Pricking"",{""translate"":""text.gm4.pneuma_pricking""}]}"|"{""italic"":false,""color"":""blue"",""translate"":""text.gm4.pneuma_pricking"",""fallback"":""Pricking""}"
"{""italic"":false,""color"":""blue"",""translate"":""%1$s%3427655$s"",""with"":[""Rushing"",{""translate"":""text.gm4.pneuma_rushing""}]}"|"{""italic"":false,""color"":""blue"",""translate"":""text.gm4.pneuma_rushing"",""fallback"":""Rushing""}"
"{""italic"":false,""color"":""blue"",""translate"":""%1$s%3427655$s"",""with"":[""Scaling"",{""translate"":""text.gm4.pneuma_scaling""}]}"|"{""italic"":false,""color"":""blue"",""translate"":""text.gm4.pneuma_scaling"",""fallback"":""Scaling""}"
"{""italic"":false,""color"":""blue"",""translate"":""%1$s%3427655$s"",""with"":[""Shrieking"",{""translate"":""text.gm4.pneuma_shrieking""}]}"|"{""italic"":false,""color"":""blue"",""translate"":""text.gm4.pneuma_shrieking"",""fallback"":""Shrieking""}"
"{""italic"":false,""color"":""blue"",""translate"":""%1$s%3427655$s"",""with"":[""Soaring"",{""translate"":""text.gm4.pneuma_soaring""}]}"|"{""italic"":false,""color"":""blue"",""translate"":""text.gm4.pneuma_soaring"",""fallback"":""Soaring""}"
"{""italic"":false,""color"":""blue"",""translate"":""%1$s%3427655$s"",""with"":[""Striding"",{""translate"":""text.gm4.pneuma_striding""}]}"|"{""italic"":false,""color"":""blue"",""translate"":""text.gm4.pneuma_striding"",""fallback"":""Striding""}"
"{""italic"":false,""color"":""blue"",""translate"":""%1$s%3427655$s"",""with"":[""Synergetic"",{""translate"":""text.gm4.pneuma_synergetic""}]}"|"{""italic"":false,""color"":""blue"",""translate"":""text.gm4.pneuma_synergetic"",""fallback"":""Synergetic""}"
"{""italic"":false,""color"":""blue"",""translate"":""%1$s%3427655$s"",""with"":[""Vanishing"",{""translate"":""text.gm4.pneuma_vanishing""}]}"|"{""italic"":false,""color"":""blue"",""translate"":""text.gm4.pneuma_vanishing"",""fallback"":""Vanishing""}"
"{""italic"":false,""color"":""blue"",""translate"":""%1$s%3427655$s"",""with"":[""Venomous"",{""translate"":""text.gm4.pneuma_venomous""}]}"|"{""italic"":false,""color"":""blue"",""translate"":""text.gm4.pneuma_venomous"",""fallback"":""Venomous""}"
"{""italic"":false,""color"":""blue"",""translate"":""%1$s%3427655$s"",""with"":[""Volatile"",{""translate"":""text.gm4.pneuma_volatile""}]}"|"{""italic"":false,""color"":""blue"",""translate"":""text.gm4.pneuma_volatile"",""fallback"":""Volatile""}"
"{""color"":""gray"",""translate"":""%1$s%3427655$s"",""with"":[""Empty"",{""translate"":""text.gm4.orb_of_ankou.empty""}]}"|"{""color"":""gray"",""translate"":""text.gm4.orb_of_ankou.empty"",""fallback"":""Empty""}"
"{""italic"":false,""color"":""#467A1B"",""translate"":""%1$s%3427655$s"",""with"":[""Curie's Bismium Band"",{""translate"":""item.gm4.metallurgy.band"",""with"":[{""translate"":""item.gm4.metallurgy.curies_bismium""}]}]}"|"{""italic"":false,""color"":""#467A1B"",""translate"":""item.gm4.metallurgy.band"",""fallback"":""%s Band"",""with"":[{""translate"":""item.gm4.metallurgy.curies_bismium"",""fallback"":""Curie's Bismium""}]}"
"{""italic"":false,""color"":""aqua"",""translate"":""%1$s%3427655$s"",""with"":[""Shamir"",{""translate"":""item.gm4.metallurgy.shamir""}]}"|"{""italic"":false,""color"":""aqua"",""translate"":""item.gm4.metallurgy.shamir"",""fallback"":""Shamir""}"
"{""italic"":false,""color"":""gray"",""translate"":""%1$s%3427655$s"",""with"":[""Percurro"",{""translate"":""item.gm4.shamir.percurro""}]}"|"{""italic"":false,""color"":""gray"",""translate"":""item.gm4.shamir.percurro"",""fallback"":""Percurro""}"
"{""italic"":false,""color"":""red"",""translate"":""potion.withDuration"",""with"":[{""translate"":""potion.withAmplifier"",""with"":[{""translate"":""effect.minecraft.levitation""},{""translate"":""potion.potency.2""}]},""0:11""]}"|"{""italic"":false,""color"":""red"",""translate"":""potion.withDuration"",""with"":[{""translate"":""potion.withAmplifier"",""with"":[{""translate"":""effect.minecraft.levitation""},{""translate"":""potion.potency.2""}]},""0:11""]}"
"{""italic"":false,""color"":""gray"",""translate"":""%1$s%3427655$s"",""with"":[""Dearest Audrey, What's your"",{""extra"":[{""translate"":""text.gm4.dearest_audrey.10.1""}],""translate"":""text.gm4.dearest_audrey.prefix""}]}"|"{""italic"":false,""color"":""gray"",""extra"":[{""translate"":""text.gm4.dearest_audrey.10.1"",""fallback"":""What's your""}],""translate"":""text.gm4.dearest_audrey.prefix"",""fallback"":""Dearest Audrey, ""}"
"{""italic"":false,""color"":""gray"",""translate"":""%1$s%3427655$s"",""with"":[""phone number; bottled messages"",{""translate"":""text.gm4.dearest_audrey.10.2""}]}"|"{""italic"":false,""color"":""gray"",""translate"":""text.gm4.dearest_audrey.10.2"",""fallback"":""phone number; bottled messages""}"
"{""italic"":false,""color"":""gray"",""translate"":""%1$s%3427655$s"",""with"":[""are hard to make!"",{""translate"":""text.gm4.dearest_audrey.10.3""}]}"|"{""italic"":false,""color"":""gray"",""translate"":""text.gm4.dearest_audrey.10.3"",""fallback"":""are hard to make!""}"
"{""italic"":false,""color"":""gray"",""translate"":""%1$s%3427655$s"",""with"":[""Dearest Audrey, I'm stranded"",{""extra"":[{""translate"":""text.gm4.dearest_audrey.6.1""}],""translate"":""text.gm4.dearest_audrey.prefix""}]}"|"{""italic"":false,""color"":""gray"",""extra"":[{""translate"":""text.gm4.dearest_audrey.6.1"",""fallback"":""I'm stranded""}],""translate"":""text.gm4.dearest_audrey.prefix"",""fallback"":""Dearest Audrey, ""}"
"{""italic"":false,""color"":""gray"",""translate"":""%1$s%3427655$s"",""with"":[""in the middle of nowhere,"",{""translate"":""text.gm4.dearest_audrey.6.2""}]}"|"{""italic"":false,""color"":""gray"",""translate"":""text.gm4.dearest_audrey.6.2"",""fallback"":""in the middle of nowhere,""}"
"{""italic"":false,""color"":""gray"",""translate"":""%1$s%3427655$s"",""with"":[""surrounded by things that"",{""translate"":""text.gm4.dearest_audrey.6.3""}]}"|"{""italic"":false,""color"":""gray"",""translate"":""text.gm4.dearest_audrey.6.3"",""fallback"":""surrounded by things that""}"
"{""italic"":false,""color"":""gray"",""translate"":""%1$s%3427655$s"",""with"":[""aren't cubic."",{""translate"":""text.gm4.dearest_audrey.6.4""}]}"|"{""italic"":false,""color"":""gray"",""translate"":""text.gm4.dearest_audrey.6.4"",""fallback"":""aren't cubic.""}"
"{""italic"":false,""color"":""gray"",""translate"":""%1$s%3427655$s"",""with"":[""Dearest Audrey, How's your"",{""extra"":[{""translate"":""text.gm4.dearest_audrey.5.1""}],""translate"":""text.gm4.dearest_audrey.prefix""}]}"|"{""italic"":false,""color"":""gray"",""extra"":[{""translate"":""text.gm4.dearest_audrey.5.1"",""fallback"":""How's your""}],""translate"":""text.gm4.dearest_audrey.prefix"",""fallback"":""Dearest Audrey, ""}"
"{""italic"":false,""color"":""gray"",""translate"":""%1$s%3427655$s"",""with"":[""day going? I'm good, BUT I'VE"",{""translate"":""text.gm4.dearest_audrey.5.2""}]}"|"{""italic"":false,""color"":""gray"",""translate"":""text.gm4.dearest_audrey.5.2"",""fallback"":""day going? I'm good, BUT I'VE""}"
"{""italic"":false,""color"":""gray"",""translate"":""%1$s%3427655$s"",""with"":[""BEEN STRANDED FOR 20 YEARS!"",{""translate"":""text.gm4.dearest_audrey.5.3""}]}"|"{""italic"":false,""color"":""gray"",""translate"":""text.gm4.dearest_audrey.5.3"",""fallback"":""BEEN STRANDED FOR 20 YEARS!""}"
"{""italic"":false,""color"":""gray"",""translate"":""%1$s%3427655$s"",""with"":[""Thanks for your response."",{""translate"":""text.gm4.dearest_audrey.5.4""}]}"|"{""italic"":false,""color"":""gray"",""translate"":""text.gm4.dearest_audrey.5.4"",""fallback"":""Thanks for your response.""}"
"{""italic"":false,""color"":""gray"",""translate"":""%1$s%3427655$s"",""with"":[""Dearest Audrey, I've been here for 3 months"",{""extra"":[{""translate"":""text.gm4.dearest_audrey.15.1""}],""translate"":""text.gm4.dearest_audrey.prefix""}]}"|"{""italic"":false,""color"":""gray"",""extra"":[{""translate"":""text.gm4.dearest_audrey.15.1"",""fallback"":""I've been here for 3 months""}],""translate"":""text.gm4.dearest_audrey.prefix"",""fallback"":""Dearest Audrey, ""}"
"{""italic"":false,""color"":""gray"",""translate"":""%1$s%3427655$s"",""with"":[""and after several attempts to find food,"",{""translate"":""text.gm4.dearest_audrey.15.2""}]}"|"{""italic"":false,""color"":""gray"",""translate"":""text.gm4.dearest_audrey.15.2"",""fallback"":""and after several attempts to find food,""}"
"{""italic"":false,""color"":""gray"",""translate"":""%1$s%3427655$s"",""with"":[""shelter, or even enough water... I'm giving up."",{""translate"":""text.gm4.dearest_audrey.15.3""}]}"|"{""italic"":false,""color"":""gray"",""translate"":""text.gm4.dearest_audrey.15.3"",""fallback"":""shelter, or even enough water... I'm giving up.""}"
"{""italic"":false,""color"":""gray"",""translate"":""%1$s%3427655$s"",""with"":[""Tell my family I love them, but most importantly,"",{""translate"":""text.gm4.dearest_audrey.15.4""}]}"|"{""italic"":false,""color"":""gray"",""translate"":""text.gm4.dearest_audrey.15.4"",""fallback"":""Tell my family I love them, but most importantly,""}"
"{""italic"":false,""color"":""gray"",""translate"":""%1$s%3427655$s"",""with"":[""Audrey, I love you."",{""translate"":""text.gm4.dearest_audrey.15.5""}]}"|"{""italic"":false,""color"":""gray"",""translate"":""text.gm4.dearest_audrey.15.5"",""fallback"":""Audrey, I love you.""}"
"{""italic"":false,""color"":""gray"",""translate"":""%1$s%3427655$s"",""with"":[""Dearest Audrey, I seem to have"",{""extra"":[{""translate"":""text.gm4.dearest_audrey.8.1""}],""translate"":""text.gm4.dearest_audrey.prefix""}]}"|"{""italic"":false,""color"":""gray"",""extra"":[{""translate"":""text.gm4.dearest_audrey.8.1"",""fallback"":""I seem to have""}],""translate"":""text.gm4.dearest_audrey.prefix"",""fallback"":""Dearest Audrey, ""}"
"{""italic"":false,""color"":""gray"",""translate"":""%1$s%3427655$s"",""with"":[""run out of clean water, if you could"",{""translate"":""text.gm4.dearest_audrey.8.2""}]}"|"{""italic"":false,""color"":""gray"",""translate"":""text.gm4.dearest_audrey.8.2"",""fallback"":""run out of clean water, if you could""}"
"{""italic"":false,""color"":""gray"",""translate"":""%1$s%3427655$s"",""with"":[""return this bottle with something to"",{""translate"":""text.gm4.dearest_audrey.8.3""}]}"|"{""italic"":false,""color"":""gray"",""translate"":""text.gm4.dearest_audrey.8.3"",""fallback"":""return this bottle with something to""}"
"{""italic"":false,""color"":""gray"",""translate"":""%1$s%3427655$s"",""with"":[""drink that would be wonderful."",{""translate"":""text.gm4.dearest_audrey.8.4""}]}"|"{""italic"":false,""color"":""gray"",""translate"":""text.gm4.dearest_audrey.8.4"",""fallback"":""drink that would be wonderful.""}"
"{""italic"":false,""color"":""gray"",""translate"":""%1$s%3427655$s"",""with"":[""Dearest Audrey, I have no"",{""extra"":[{""translate"":""text.gm4.dearest_audrey.9.1""}],""translate"":""text.gm4.dearest_audrey.prefix""}]}"|"{""italic"":false,""color"":""gray"",""extra"":[{""translate"":""text.gm4.dearest_audrey.9.1"",""fallback"":""I have no""}],""translate"":""text.gm4.dearest_audrey.prefix"",""fallback"":""Dearest Audrey, ""}"
"{""italic"":false,""color"":""gray"",""translate"":""%1$s%3427655$s"",""with"":[""internet so I am sending you"",{""translate"":""text.gm4.dearest_audrey.9.2""}]}"|"{""italic"":false,""color"":""gray"",""translate"":""text.gm4.dearest_audrey.9.2"",""fallback"":""internet so I am sending you""}"
"{""italic"":false,""color"":""gray"",""translate"":""%1$s%3427655$s"",""with"":[""a bottle."",{""translate"":""text.gm4.dearest_audrey.9.3""}]}"|"{""italic"":false,""color"":""gray"",""translate"":""text.gm4.dearest_audrey.9.3"",""fallback"":""a bottle.""}"
"{""italic"":false,""color"":""gray"",""translate"":""%1$s%3427655$s"",""with"":[""Dearest Audrey, I mean Hannah..."",{""extra"":[{""translate"":""text.gm4.dearest_audrey.7.1""}],""translate"":""text.gm4.dearest_audrey.prefix""}]}"|"{""italic"":false,""color"":""gray"",""extra"":[{""translate"":""text.gm4.dearest_audrey.7.1"",""fallback"":""I mean Hannah...""}],""translate"":""text.gm4.dearest_audrey.prefix"",""fallback"":""Dearest Audrey, ""}"
"{""italic"":false,""color"":""gray"",""translate"":""%1$s%3427655$s"",""with"":[""wait, no... is it Denise? ...Anyway,"",{""translate"":""text.gm4.dearest_audrey.7.2""}]}"|"{""italic"":false,""color"":""gray"",""translate"":""text.gm4.dearest_audrey.7.2"",""fallback"":""wait, no... is it Denise? ...Anyway,""}"
"{""italic"":false,""color"":""gray"",""translate"":""%1$s%3427655$s"",""with"":[""I love you."",{""translate"":""text.gm4.dearest_audrey.7.3""}]}"|"{""italic"":false,""color"":""gray"",""translate"":""text.gm4.dearest_audrey.7.3"",""fallback"":""I love you.""}"
"{""italic"":false,""color"":""gray"",""translate"":""%1$s%3427655$s"",""with"":[""Dearest Audrey, I don't know how to spell"",{""extra"":[{""translate"":""text.gm4.dearest_audrey.3.1""}],""translate"":""text.gm4.dearest_audrey.prefix""}]}"|"{""italic"":false,""color"":""gray"",""extra"":[{""translate"":""text.gm4.dearest_audrey.3.1"",""fallback"":""I don't know how to spell""}],""translate"":""text.gm4.dearest_audrey.prefix"",""fallback"":""Dearest Audrey, ""}"
"{""italic"":false,""color"":""gray"",""translate"":""%1$s%3427655$s"",""with"":[""your name, nor do I know you, but I"",{""translate"":""text.gm4.dearest_audrey.3.2""}]}"|"{""italic"":false,""color"":""gray"",""translate"":""text.gm4.dearest_audrey.3.2"",""fallback"":""your name, nor do I know you, but I""}"
"{""italic"":false,""color"":""gray"",""translate"":""%1$s%3427655$s"",""with"":[""do know that I love you, I feel like I"",{""translate"":""text.gm4.dearest_audrey.3.3""}]}"|"{""italic"":false,""color"":""gray"",""translate"":""text.gm4.dearest_audrey.3.3"",""fallback"":""do know that I love you, I feel like I""}"
"{""italic"":false,""color"":""gray"",""translate"":""%1$s%3427655$s"",""with"":[""have a mutual connection. After"",{""translate"":""text.gm4.dearest_audrey.3.4""}]}"|"{""italic"":false,""color"":""gray"",""translate"":""text.gm4.dearest_audrey.3.4"",""fallback"":""have a mutual connection. After""}"
"{""italic"":false,""color"":""gray"",""translate"":""%1$s%3427655$s"",""with"":[""you ordered the pizza with cheezy"",{""translate"":""text.gm4.dearest_audrey.3.5""}]}"|"{""italic"":false,""color"":""gray"",""translate"":""text.gm4.dearest_audrey.3.5"",""fallback"":""you ordered the pizza with cheezy""}"
"{""italic"":false,""color"":""gray"",""translate"":""%1$s%3427655$s"",""with"":[""crust and pinapple I just lost it. Oh"",{""translate"":""text.gm4.dearest_audrey.3.6""}]}"|"{""italic"":false,""color"":""gray"",""translate"":""text.gm4.dearest_audrey.3.6"",""fallback"":""crust and pinapple I just lost it. Oh""}"
"{""italic"":false,""color"":""gray"",""translate"":""%1$s%3427655$s"",""with"":[""no Clair you got shot... I mean Audrey."",{""translate"":""text.gm4.dearest_audrey.3.7""}]}"|"{""italic"":false,""color"":""gray"",""translate"":""text.gm4.dearest_audrey.3.7"",""fallback"":""no Clair you got shot... I mean Audrey.""}"
"{""italic"":false,""color"":""gray"",""translate"":""%1$s%3427655$s"",""with"":[""I don't mind that you're chunky"",{""translate"":""text.gm4.dearest_audrey.3.8""}]}"|"{""italic"":false,""color"":""gray"",""translate"":""text.gm4.dearest_audrey.3.8"",""fallback"":""I don't mind that you're chunky""}"
"{""italic"":false,""color"":""gray"",""translate"":""%1$s%3427655$s"",""with"":[""Dearest Audrey, Each day that passes"",{""extra"":[{""translate"":""text.gm4.dearest_audrey.18.1""}],""translate"":""text.gm4.dearest_audrey.prefix""}]}"|"{""italic"":false,""color"":""gray"",""extra"":[{""translate"":""text.gm4.dearest_audrey.18.1"",""fallback"":""Each day that passes""}],""translate"":""text.gm4.dearest_audrey.prefix"",""fallback"":""Dearest Audrey, ""}"
"{""italic"":false,""color"":""gray"",""translate"":""%1$s%3427655$s"",""with"":[""is immensely terrible, painful and sad."",{""translate"":""text.gm4.dearest_audrey.18.2""}]}"|"{""italic"":false,""color"":""gray"",""translate"":""text.gm4.dearest_audrey.18.2"",""fallback"":""is immensely terrible, painful and sad.""}"
"{""italic"":false,""color"":""gray"",""translate"":""%1$s%3427655$s"",""with"":[""Getting away from you just didn't"",{""translate"":""text.gm4.dearest_audrey.18.3""}]}"|"{""italic"":false,""color"":""gray"",""translate"":""text.gm4.dearest_audrey.18.3"",""fallback"":""Getting away from you just didn't""}"
"{""italic"":false,""color"":""gray"",""translate"":""%1$s%3427655$s"",""with"":[""improve anything."",{""translate"":""text.gm4.dearest_audrey.18.4""}]}"|"{""italic"":false,""color"":""gray"",""translate"":""text.gm4.dearest_audrey.18.4"",""fallback"":""improve anything.""}"
"{""italic"":false,""color"":""gray"",""translate"":""%1$s%3427655$s"",""with"":[""Dearest Audrey, I fear this may"",{""extra"":[{""translate"":""text.gm4.dearest_audrey.14.1""}],""translate"":""text.gm4.dearest_audrey.prefix""}]}"|"{""italic"":false,""color"":""gray"",""extra"":[{""translate"":""text.gm4.dearest_audrey.14.1"",""fallback"":""I fear this may""}],""translate"":""text.gm4.dearest_audrey.prefix"",""fallback"":""Dearest Audrey, ""}"
"{""italic"":false,""color"":""gray"",""translate"":""%1$s%3427655$s"",""with"":[""be my last attempt at finding help."",{""translate"":""text.gm4.dearest_audrey.14.2""}]}"|"{""italic"":false,""color"":""gray"",""translate"":""text.gm4.dearest_audrey.14.2"",""fallback"":""be my last attempt at finding help.""}"
"{""italic"":false,""color"":""gray"",""translate"":""%1$s%3427655$s"",""with"":[""I just want you to know... I always... loved..."",{""translate"":""text.gm4.dearest_audrey.14.3""}]}"|"{""italic"":false,""color"":""gray"",""translate"":""text.gm4.dearest_audrey.14.3"",""fallback"":""I just want you to know... I always... loved...""}"
"{""italic"":false,""color"":""gray"",""translate"":""%1$s%3427655$s"",""with"":[""your sister."",{""translate"":""text.gm4.dearest_audrey.14.4""}]}"|"{""italic"":false,""color"":""gray"",""translate"":""text.gm4.dearest_audrey.14.4"",""fallback"":""your sister.""}"
"{""italic"":false,""color"":""gray"",""translate"":""%1$s%3427655$s"",""with"":[""Dearest Audrey, Put the money in the bag."",{""extra"":[{""translate"":""text.gm4.dearest_audrey.12""}],""translate"":""text.gm4.dearest_audrey.prefix""}]}"|"{""italic"":false,""color"":""gray"",""extra"":[{""translate"":""text.gm4.dearest_audrey.12"",""fallback"":""Put the money in the bag.""}],""translate"":""text.gm4.dearest_audrey.prefix"",""fallback"":""Dearest Audrey, ""}"
"{""italic"":false,""color"":""gray"",""translate"":""%1$s%3427655$s"",""with"":[""Dearest Audrey, I know exactly who"",{""extra"":[{""translate"":""text.gm4.dearest_audrey.16.1""}],""translate"":""text.gm4.dearest_audrey.prefix""}]}"|"{""italic"":false,""color"":""gray"",""extra"":[{""translate"":""text.gm4.dearest_audrey.16.1"",""fallback"":""I know exactly who""}],""translate"":""text.gm4.dearest_audrey.prefix"",""fallback"":""Dearest Audrey, ""}"
"{""italic"":false,""color"":""gray"",""translate"":""%1$s%3427655$s"",""with"":[""you are - play along. I don't have any"",{""translate"":""text.gm4.dearest_audrey.16.2""}]}"|"{""italic"":false,""color"":""gray"",""translate"":""text.gm4.dearest_audrey.16.2"",""fallback"":""you are - play along. I don't have any""}"
"{""italic"":false,""color"":""gray"",""translate"":""%1$s%3427655$s"",""with"":[""money. I burned it all trying to make a"",{""translate"":""text.gm4.dearest_audrey.16.3""}]}"|"{""italic"":false,""color"":""gray"",""translate"":""text.gm4.dearest_audrey.16.3"",""fallback"":""money. I burned it all trying to make a""}"
"{""italic"":false,""color"":""gray"",""translate"":""%1$s%3427655$s"",""with"":[""fire. But I can tell you I've developed"",{""translate"":""text.gm4.dearest_audrey.16.4""}]}"|"{""italic"":false,""color"":""gray"",""translate"":""text.gm4.dearest_audrey.16.4"",""fallback"":""fire. But I can tell you I've developed""}"
"{""italic"":false,""color"":""gray"",""translate"":""%1$s%3427655$s"",""with"":[""a very particular set of skills. Skills"",{""translate"":""text.gm4.dearest_audrey.16.5""}]}"|"{""italic"":false,""color"":""gray"",""translate"":""text.gm4.dearest_audrey.16.5"",""fallback"":""a very particular set of skills. Skills""}"
"{""italic"":false,""color"":""gray"",""translate"":""%1$s%3427655$s"",""with"":[""that'll make Bear Grylls quake in his boots."",{""translate"":""text.gm4.dearest_audrey.16.6""}]}"|"{""italic"":false,""color"":""gray"",""translate"":""text.gm4.dearest_audrey.16.6"",""fallback"":""that'll make Bear Grylls quake in his boots.""}"
"{""italic"":false,""color"":""gray"",""translate"":""%1$s%3427655$s"",""with"":[""Dearest Audrey, I drank all my beer"",{""extra"":[{""translate"":""text.gm4.dearest_audrey.1""}],""translate"":""text.gm4.dearest_audrey.prefix""}]}"|"{""italic"":false,""color"":""gray"",""extra"":[{""translate"":""text.gm4.dearest_audrey.1"",""fallback"":""I drank all my beer""}],""translate"":""text.gm4.dearest_audrey.prefix"",""fallback"":""Dearest Audrey, ""}"
"{""italic"":false,""color"":""gray"",""translate"":""%1$s%3427655$s"",""with"":[""Dearest Audrey, punching wood"",{""extra"":[{""translate"":""text.gm4.dearest_audrey.20.1""}],""translate"":""text.gm4.dearest_audrey.prefix""}]}"|"{""italic"":false,""color"":""gray"",""extra"":[{""translate"":""text.gm4.dearest_audrey.20.1"",""fallback"":""punching wood""}],""translate"":""text.gm4.dearest_audrey.prefix"",""fallback"":""Dearest Audrey, ""}"
"{""italic"":false,""color"":""gray"",""translate"":""%1$s%3427655$s"",""with"":[""for logs doesn't work in real life."",{""translate"":""text.gm4.dearest_audrey.20.2""}]}"|"{""italic"":false,""color"":""gray"",""translate"":""text.gm4.dearest_audrey.20.2"",""fallback"":""for logs doesn't work in real life.""}"
"{""italic"":false,""color"":""gray"",""translate"":""%1$s%3427655$s"",""with"":[""Dearest Audrey, when I listen"",{""extra"":[{""translate"":""text.gm4.dearest_audrey.4.1""}],""translate"":""text.gm4.dearest_audrey.prefix""}]}"|"{""italic"":false,""color"":""gray"",""extra"":[{""translate"":""text.gm4.dearest_audrey.4.1"",""fallback"":""when I listen""}],""translate"":""text.gm4.dearest_audrey.prefix"",""fallback"":""Dearest Audrey, ""}"
"{""italic"":false,""color"":""gray"",""translate"":""%1$s%3427655$s"",""with"":[""to the ocean, all I hear is your"",{""translate"":""text.gm4.dearest_audrey.4.2""}]}"|"{""italic"":false,""color"":""gray"",""translate"":""text.gm4.dearest_audrey.4.2"",""fallback"":""to the ocean, all I hear is your""}"
"{""italic"":false,""color"":""gray"",""translate"":""%1$s%3427655$s"",""with"":[""snoring and I can't sleep. Please"",{""translate"":""text.gm4.dearest_audrey.4.3""}]}"|"{""italic"":false,""color"":""gray"",""translate"":""text.gm4.dearest_audrey.4.3"",""fallback"":""snoring and I can't sleep. Please""}"
"{""italic"":false,""color"":""gray"",""translate"":""%1$s%3427655$s"",""with"":[""silence your snoring... please, I"",{""translate"":""text.gm4.dearest_audrey.4.4""}]}"|"{""italic"":false,""color"":""gray"",""translate"":""text.gm4.dearest_audrey.4.4"",""fallback"":""silence your snoring... please, I""}"
"{""italic"":false,""color"":""gray"",""translate"":""%1$s%3427655$s"",""with"":[""need sleep."",{""translate"":""text.gm4.dearest_audrey.4.5""}]}"|"{""italic"":false,""color"":""gray"",""translate"":""text.gm4.dearest_audrey.4.5"",""fallback"":""need sleep.""}"
"{""italic"":false,""color"":""gray"",""translate"":""%1$s%3427655$s"",""with"":[""Dearest Audrey, I'm in the sink sand."",{""extra"":[{""translate"":""text.gm4.dearest_audrey.17.1""}],""translate"":""text.gm4.dearest_audrey.prefix""}]}"|"{""italic"":false,""color"":""gray"",""extra"":[{""translate"":""text.gm4.dearest_audrey.17.1"",""fallback"":""I'm in the sink sand.""}],""translate"":""text.gm4.dearest_audrey.prefix"",""fallback"":""Dearest Audrey, ""}"
"{""italic"":false,""color"":""gray"",""translate"":""%1$s%3427655$s"",""with"":[""If you find my head, hang it on the"",{""translate"":""text.gm4.dearest_audrey.17.2""}]}"|"{""italic"":false,""color"":""gray"",""translate"":""text.gm4.dearest_audrey.17.2"",""fallback"":""If you find my head, hang it on the""}"
"{""italic"":false,""color"":""gray"",""translate"":""%1$s%3427655$s"",""with"":[""wall of fame."",{""translate"":""text.gm4.dearest_audrey.17.3""}]}"|"{""italic"":false,""color"":""gray"",""translate"":""text.gm4.dearest_audrey.17.3"",""fallback"":""wall of fame.""}"
"{""italic"":false,""color"":""gray"",""translate"":""%1$s%3427655$s"",""with"":[""Dearest Audrey, My Boat was"",{""extra"":[{""translate"":""text.gm4.dearest_audrey.2.1""}],""translate"":""text.gm4.dearest_audrey.prefix""}]}"|"{""italic"":false,""color"":""gray"",""extra"":[{""translate"":""text.gm4.dearest_audrey.2.1"",""fallback"":""My Boat was""}],""translate"":""text.gm4.dearest_audrey.prefix"",""fallback"":""Dearest Audrey, ""}"
"{""italic"":false,""color"":""gray"",""translate"":""%1$s%3427655$s"",""with"":[""sunk by a lily-pad and now I'm"",{""translate"":""text.gm4.dearest_audrey.2.2""}]}"|"{""italic"":false,""color"":""gray"",""translate"":""text.gm4.dearest_audrey.2.2"",""fallback"":""sunk by a lily-pad and now I'm""}"
"{""italic"":false,""color"":""gray"",""translate"":""%1$s%3427655$s"",""with"":[""stuck on this island."",{""translate"":""text.gm4.dearest_audrey.2.3""}]}"|"{""italic"":false,""color"":""gray"",""translate"":""text.gm4.dearest_audrey.2.3"",""fallback"":""stuck on this island.""}"
"{""italic"":false,""color"":""gray"",""translate"":""%1$s%3427655$s"",""with"":[""Dearest Audrey, I find myself stranded"",{""extra"":[{""translate"":""text.gm4.dearest_audrey.11.1""}],""translate"":""text.gm4.dearest_audrey.prefix""}]}"|"{""italic"":false,""color"":""gray"",""extra"":[{""translate"":""text.gm4.dearest_audrey.11.1"",""fallback"":""I find myself stranded""}],""translate"":""text.gm4.dearest_audrey.prefix"",""fallback"":""Dearest Audrey, ""}"
"{""italic"":false,""color"":""gray"",""translate"":""%1$s%3427655$s"",""with"":[""on a barren island."",{""translate"":""text.gm4.dearest_audrey.11.2""}]}"|"{""italic"":false,""color"":""gray"",""translate"":""text.gm4.dearest_audrey.11.2"",""fallback"":""on a barren island.""}"
"{""italic"":false,""color"":""gray"",""translate"":""%1$s%3427655$s"",""with"":[""An enderdragon took me here,"",{""translate"":""text.gm4.dearest_audrey.11.3""}]}"|"{""italic"":false,""color"":""gray"",""translate"":""text.gm4.dearest_audrey.11.3"",""fallback"":""An enderdragon took me here,""}"
"{""italic"":false,""color"":""gray"",""translate"":""%1$s%3427655$s"",""with"":[""please rescue me."",{""translate"":""text.gm4.dearest_audrey.11.4""}]}"|"{""italic"":false,""color"":""gray"",""translate"":""text.gm4.dearest_audrey.11.4"",""fallback"":""please rescue me.""}"
"{""italic"":false,""color"":""gray"",""translate"":""%1$s%3427655$s"",""with"":[""Dearest Audrey, The compass you sent me"",{""extra"":[{""translate"":""text.gm4.dearest_audrey.13.1""}],""translate"":""text.gm4.dearest_audrey.prefix""}]}"|"{""italic"":false,""color"":""gray"",""extra"":[{""translate"":""text.gm4.dearest_audrey.13.1"",""fallback"":""The compass you sent me""}],""translate"":""text.gm4.dearest_audrey.prefix"",""fallback"":""Dearest Audrey, ""}"
"{""italic"":false,""color"":""gray"",""translate"":""%1$s%3427655$s"",""with"":[""seems to only point in the direction of our love,"",{""translate"":""text.gm4.dearest_audrey.13.2""}]}"|"{""italic"":false,""color"":""gray"",""translate"":""text.gm4.dearest_audrey.13.2"",""fallback"":""seems to only point in the direction of our love,""}"
"{""italic"":false,""color"":""gray"",""translate"":""%1$s%3427655$s"",""with"":[""but that seems to have vanished long ago."",{""translate"":""text.gm4.dearest_audrey.13.3""}]}"|"{""italic"":false,""color"":""gray"",""translate"":""text.gm4.dearest_audrey.13.3"",""fallback"":""but that seems to have vanished long ago.""}"
"{""italic"":false,""color"":""gray"",""translate"":""%1$s%3427655$s"",""with"":[""Please, get help, even if it's the last thing you do."",{""translate"":""text.gm4.dearest_audrey.13.4""}]}"|"{""italic"":false,""color"":""gray"",""translate"":""text.gm4.dearest_audrey.13.4"",""fallback"":""Please, get help, even if it's the last thing you do.""}"
"{""italic"":false,""color"":""gray"",""translate"":""%1$s%3427655$s"",""with"":[""Dearest Audrey, I write this on paper"",{""extra"":[{""translate"":""text.gm4.dearest_audrey.19.1""}],""translate"":""text.gm4.dearest_audrey.prefix""}]}"|"{""italic"":false,""color"":""gray"",""extra"":[{""translate"":""text.gm4.dearest_audrey.19.1"",""fallback"":""I write this on paper""}],""translate"":""text.gm4.dearest_audrey.prefix"",""fallback"":""Dearest Audrey, ""}"
"{""italic"":false,""color"":""gray"",""translate"":""%1$s%3427655$s"",""with"":[""made from native plants and ink"",{""translate"":""text.gm4.dearest_audrey.19.2""}]}"|"{""italic"":false,""color"":""gray"",""translate"":""text.gm4.dearest_audrey.19.2"",""fallback"":""made from native plants and ink""}"
"{""italic"":false,""color"":""gray"",""translate"":""%1$s%3427655$s"",""with"":[""from a squid I wrangled. I like it here."",{""translate"":""text.gm4.dearest_audrey.19.3""}]}"|"{""italic"":false,""color"":""gray"",""translate"":""text.gm4.dearest_audrey.19.3"",""fallback"":""from a squid I wrangled. I like it here.""}"
"{""italic"":false,""color"":""gray"",""translate"":""%1$s%3427655$s"",""with"":[""I found a dungeon. I'm setting up a mob"",{""translate"":""text.gm4.dearest_audrey.19.4""}]}"|"{""italic"":false,""color"":""gray"",""translate"":""text.gm4.dearest_audrey.19.4"",""fallback"":""I found a dungeon. I'm setting up a mob""}"
"{""italic"":false,""color"":""gray"",""translate"":""%1$s%3427655$s"",""with"":[""grinder and never coming home."",{""translate"":""text.gm4.dearest_audrey.19.5""}]}"|"{""italic"":false,""color"":""gray"",""translate"":""text.gm4.dearest_audrey.19.5"",""fallback"":""grinder and never coming home.""}"
"{""italic"":true,""color"":""dark_gray"",""translate"":""%1$s%3427655$s"",""with"":[""Drop to use"",{""translate"":""item.gm4.tnt_landmine.use""}]}"|"{""italic"":true,""color"":""dark_gray"",""translate"":""item.gm4.tnt_landmine.use"",""fallback"":""Drop to use""}"
"{""italic"":false,""color"":""gray"",""extra"":[{""italic"":false,""color"":""gray"",""translate"":""block.minecraft.stone""}],""translate"":""%1$s%3427655$s"",""with"":[""Disguised as "",{""translate"":""item.gm4.tnt_landmine.disguised""}]}"|"{""italic"":false,""color"":""gray"",""extra"":[{""italic"":false,""color"":""gray"",""translate"":""block.minecraft.stone""}],""translate"":""item.gm4.tnt_landmine.disguised"",""fallback"":""Disguised as ""}"
"{""italic"":true,""color"":""dark_gray"",""translate"":""%1$s%3427655$s"",""with"":[""Drop to use"",{""translate"":""item.gm4.tnt_landmine.use""}]}"|"{""italic"":true,""color"":""dark_gray"",""translate"":""item.gm4.tnt_landmine.use"",""fallback"":""Drop to use""}"
"{""italic"":false,""color"":""gray"",""extra"":[{""italic"":false,""color"":""gray"",""translate"":""block.minecraft.stone_bricks""}],""translate"":""%1$s%3427655$s"",""with"":[""Disguised as "",{""translate"":""item.gm4.tnt_landmine.disguised""}]}"|"{""italic"":false,""color"":""gray"",""extra"":[{""italic"":false,""color"":""gray"",""translate"":""block.minecraft.stone_bricks""}],""translate"":""item.gm4.tnt_landmine.disguised"",""fallback"":""Disguised as ""}"
"{""italic"":true,""color"":""dark_gray"",""translate"":""%1$s%3427655$s"",""with"":[""Drop to use"",{""translate"":""item.gm4.tnt_landmine.use""}]}"|"{""italic"":true,""color"":""dark_gray"",""translate"":""item.gm4.tnt_landmine.use"",""fallback"":""Drop to use""}"
"{""color"":""dark_gray"",""translate"":""%1$s%3427655$s"",""with"":[""Drop to use"",{""translate"":""item.gm4.tnt_landmine.use""}]}"|"{""color"":""dark_gray"",""translate"":""item.gm4.tnt_landmine.use"",""fallback"":""Drop to use""}"
"{""italic"":false,""color"":""gray"",""extra"":[{""italic"":false,""color"":""gray"",""translate"":""block.minecraft.netherrack""}],""translate"":""%1$s%3427655$s"",""with"":[""Disguised as "",{""translate"":""item.gm4.tnt_landmine.disguised""}]}"|"{""italic"":false,""color"":""gray"",""extra"":[{""italic"":false,""color"":""gray"",""translate"":""block.minecraft.netherrack""}],""translate"":""item.gm4.tnt_landmine.disguised"",""fallback"":""Disguised as ""}"
"{""italic"":true,""color"":""dark_gray"",""translate"":""%1$s%3427655$s"",""with"":[""Drop to use"",{""translate"":""item.gm4.tnt_landmine.use""}]}"|"{""italic"":true,""color"":""dark_gray"",""translate"":""item.gm4.tnt_landmine.use"",""fallback"":""Drop to use""}"
"{""italic"":false,""color"":""gray"",""translate"":""%1$s%3427655$s"",""with"":[""Invisible"",{""translate"":""item.gm4.tnt_landmine.invisible""}]}"|"{""italic"":false,""color"":""gray"",""translate"":""item.gm4.tnt_landmine.invisible"",""fallback"":""Invisible""}"
"{""italic"":true,""color"":""dark_gray"",""translate"":""%1$s%3427655$s"",""with"":[""Drop to use"",{""translate"":""item.gm4.tnt_landmine.use""}]}"|"{""italic"":true,""color"":""dark_gray"",""translate"":""item.gm4.tnt_landmine.use"",""fallback"":""Drop to use""}"
"{""italic"":false,""color"":""gray"",""extra"":[{""italic"":false,""color"":""gray"",""translate"":""block.minecraft.grass_block""}],""translate"":""%1$s%3427655$s"",""with"":[""Disguised as "",{""translate"":""item.gm4.tnt_landmine.disguised""}]}"|"{""italic"":false,""color"":""gray"",""extra"":[{""italic"":false,""color"":""gray"",""translate"":""block.minecraft.grass_block""}],""translate"":""item.gm4.tnt_landmine.disguised"",""fallback"":""Disguised as ""}"
"{""italic"":true,""color"":""dark_gray"",""translate"":""%1$s%3427655$s"",""with"":[""Drop to use"",{""translate"":""item.gm4.tnt_landmine.use""}]}"|"{""italic"":true,""color"":""dark_gray"",""translate"":""item.gm4.tnt_landmine.use"",""fallback"":""Drop to use""}"
"{""italic"":false,""color"":""gray"",""extra"":[{""italic"":false,""color"":""gray"",""translate"":""block.minecraft.crafting_table""}],""translate"":""%1$s%3427655$s"",""with"":[""Disguised as "",{""translate"":""item.gm4.tnt_landmine.disguised""}]}"|"{""italic"":false,""color"":""gray"",""extra"":[{""italic"":false,""color"":""gray"",""translate"":""block.minecraft.crafting_table""}],""translate"":""item.gm4.tnt_landmine.disguised"",""fallback"":""Disguised as ""}"
"{""italic"":true,""color"":""dark_gray"",""translate"":""%1$s%3427655$s"",""with"":[""Drop to use"",{""translate"":""item.gm4.tnt_landmine.use""}]}"|"{""italic"":true,""color"":""dark_gray"",""translate"":""item.gm4.tnt_landmine.use"",""fallback"":""Drop to use""}"
"{""italic"":false,""color"":""gray"",""extra"":[{""italic"":false,""color"":""gray"",""translate"":""block.minecraft.dirt""}],""translate"":""%1$s%3427655$s"",""with"":[""Disguised as "",{""translate"":""item.gm4.tnt_landmine.disguised""}]}"|"{""italic"":false,""color"":""gray"",""extra"":[{""italic"":false,""color"":""gray"",""translate"":""block.minecraft.dirt""}],""translate"":""item.gm4.tnt_landmine.disguised"",""fallback"":""Disguised as ""}"
"{""italic"":true,""color"":""dark_gray"",""translate"":""%1$s%3427655$s"",""with"":[""Drop to use"",{""translate"":""item.gm4.tnt_landmine.use""}]}"|"{""italic"":true,""color"":""dark_gray"",""translate"":""item.gm4.tnt_landmine.use"",""fallback"":""Drop to use""}"
"{""italic"":false,""color"":""#F47989"",""extra"":[{""italic"":false,""color"":""#F5B478"",""translate"":""%1$s%3427655$s"",""with"":[""sm"",{""translate"":""item.gm4.metallurgy.band"",""with"":[{""translate"":""item.gm4.metallurgy.bismuth.orange""}]}]},{""italic"":false,""color"":""#F5DD79"",""translate"":""%1$s%3427655$s"",""with"":[""ut"",{""translate"":""item.gm4.metallurgy.band"",""with"":[{""translate"":""item.gm4.metallurgy.bismuth.yellow""}]}]},{""italic"":false,""color"":""#78F4AE"",""translate"":""%1$s%3427655$s"",""with"":[""h "",{""translate"":""item.gm4.metallurgy.band"",""with"":[{""translate"":""item.gm4.metallurgy.bismuth.green""}]}]},{""italic"":false,""color"":""#79D6F5"",""translate"":""%1$s%3427655$s"",""with"":[""Ba"",{""translate"":""item.gm4.metallurgy.band"",""with"":[{""translate"":""item.gm4.metallurgy.bismuth.blue""}]}]},{""italic"":false,""color"":""#8378F5"",""translate"":""%1$s%3427655$s"",""with"":[""nd"",{""translate"":""item.gm4.metallurgy.band"",""with"":[{""translate"":""item.gm4.metallurgy.bismuth.purple""}]}]},{""italic"":false,""color"":""#D579F5"",""translate"":""%1$s%3427655$s"",""with"":["""",{""translate"":""item.gm4.metallurgy.band"",""with"":[{""translate"":""item.gm4.metallurgy.bismuth.magenta""}]}]}],""translate"":""%1$s%3427655$s"",""with"":[""Bi"",{""translate"":""item.gm4.metallurgy.band"",""with"":[{""translate"":""item.gm4.metallurgy.bismuth.red""}]}]}"|"{""italic"":false,""color"":""#F47989"",""extra"":[{""italic"":false,""color"":""#F5B478"",""translate"":""item.gm4.metallurgy.bismuth.orange"",""fallback"":""sm""},{""italic"":false,""color"":""#F5DD79"",""translate"":""item.gm4.metallurgy.bismuth.yellow"",""fallback"":""ut""},{""italic"":false,""color"":""#78F4AE"",""translate"":""item.gm4.metallurgy.bismuth.green"",""fallback"":""h ""},{""italic"":false,""color"":""#79D6F5"",""translate"":""item.gm4.metallurgy.bismuth.blue"",""fallback"":""Ba""},{""italic"":false,""color"":""#8378F5"",""translate"":""item.gm4.metallurgy.bismuth.purple"",""fallback"":""nd""},{""italic"":false,""color"":""#D579F5"",""translate"":""item.gm4.metallurgy.bismuth.magenta"",""fallback"":""""}],""translate"":""item.gm4.metallurgy.bismuth.red"",""fallback"":""Bi""}"
"{""italic"":false,""color"":""aqua"",""translate"":""%1$s%3427655$s"",""with"":[""Shamir"",{""translate"":""item.gm4.metallurgy.shamir""}]}"|"{""italic"":false,""color"":""aqua"",""translate"":""item.gm4.metallurgy.shamir"",""fallback"":""Shamir""}"
"{""italic"":false,""color"":""gray"",""translate"":""%1$s%3427655$s"",""with"":[""Vecto"",{""translate"":""item.gm4.shamir.vecto""}]}"|"{""italic"":false,""color"":""gray"",""translate"":""item.gm4.shamir.vecto"",""fallback"":""Vecto""}"
"{""italic"":false,""color"":""#D18A8A"",""translate"":""%1$s%3427655$s"",""with"":[""Barimium Band"",{""translate"":""item.gm4.metallurgy.band"",""with"":[{""translate"":""item.gm4.metallurgy.barimium""}]}]}"|"{""italic"":false,""color"":""#D18A8A"",""translate"":""item.gm4.metallurgy.band"",""fallback"":""%s Band"",""with"":[{""translate"":""item.gm4.metallurgy.barimium"",""fallback"":""Barimium""}]}"
"{""italic"":false,""color"":""aqua"",""translate"":""%1$s%3427655$s"",""with"":[""Shamir"",{""translate"":""item.gm4.metallurgy.shamir""}]}"|"{""italic"":false,""color"":""aqua"",""translate"":""item.gm4.metallurgy.shamir"",""fallback"":""Shamir""}"
"{""italic"":false,""color"":""gray"",""translate"":""%1$s%3427655$s"",""with"":[""Vigere"",{""translate"":""item.gm4.shamir.vigere""}]}"|"{""italic"":false,""color"":""gray"",""translate"":""item.gm4.shamir.vigere"",""fallback"":""Vigere""}"
"{""italic"":false,""color"":""blue"",""translate"":""%1$s%3427655$s"",""with"":[""+25% Magic"",{""translate"":""item.gm4.zauber_cauldrons.zauber_armor.magic"",""with"":[""25""]}]}"|"{""italic"":false,""color"":""blue"",""translate"":""item.gm4.zauber_cauldrons.zauber_armor.magic"",""fallback"":""+%s%% Magic"",""with"":[""25""]}"
"{""italic"":false,""color"":""blue"",""translate"":""%1$s%3427655$s"",""with"":[""+25% Magic"",{""translate"":""item.gm4.zauber_cauldrons.zauber_armor.magic"",""with"":[""25""]}]}"|"{""italic"":false,""color"":""blue"",""translate"":""item.gm4.zauber_cauldrons.zauber_armor.magic"",""fallback"":""+%s%% Magic"",""with"":[""25""]}"
"{""italic"":false,""color"":""blue"",""translate"":""%1$s%3427655$s"",""with"":[""+25% Magic"",{""translate"":""item.gm4.zauber_cauldrons.zauber_armor.magic"",""with"":[""25""]}]}"|"{""italic"":false,""color"":""blue"",""translate"":""item.gm4.zauber_cauldrons.zauber_armor.magic"",""fallback"":""+%s%% Magic"",""with"":[""25""]}"
"{""italic"":false,""color"":""blue"",""translate"":""%1$s%3427655$s"",""with"":[""+25% Magic"",{""translate"":""item.gm4.zauber_cauldrons.zauber_armor.magic"",""with"":[""25""]}]}"|"{""italic"":false,""color"":""blue"",""translate"":""item.gm4.zauber_cauldrons.zauber_armor.magic"",""fallback"":""+%s%% Magic"",""with"":[""25""]}"
"{""italic"":false,""color"":""red"",""translate"":""potion.withAmplifier"",""with"":[{""translate"":""effect.minecraft.instant_damage""},{""translate"":""potion.potency.1""}]}"|"{""italic"":false,""color"":""red"",""translate"":""potion.withAmplifier"",""with"":[{""translate"":""effect.minecraft.instant_damage""},{""translate"":""potion.potency.1""}]}"
"{""italic"":false,""color"":""blue"",""translate"":""potion.withAmplifier"",""with"":[{""translate"":""effect.minecraft.instant_health""},{""translate"":""potion.potency.1""}]}"|"{""italic"":false,""color"":""blue"",""translate"":""potion.withAmplifier"",""with"":[{""translate"":""effect.minecraft.instant_health""},{""translate"":""potion.potency.1""}]}"
"{""italic"":false,""color"":""red"",""translate"":""potion.withAmplifier"",""with"":[{""translate"":""effect.minecraft.nausea""},{""translate"":""potion.potency.0""}]}"|"{""italic"":false,""color"":""red"",""translate"":""potion.withAmplifier"",""with"":[{""translate"":""effect.minecraft.nausea""},{""translate"":""potion.potency.0""}]}"
"{""italic"":false,""color"":""blue"",""translate"":""potion.withAmplifier"",""with"":[{""translate"":""effect.minecraft.jump_boost""},{""translate"":""potion.potency.1""}]}"|"{""italic"":false,""color"":""blue"",""translate"":""potion.withAmplifier"",""with"":[{""translate"":""effect.minecraft.jump_boost""},{""translate"":""potion.potency.1""}]}"
"{""italic"":false,""color"":""red"",""translate"":""potion.withAmplifier"",""with"":[{""translate"":""effect.minecraft.poison""},{""translate"":""potion.potency.1""}]}"|"{""italic"":false,""color"":""red"",""translate"":""potion.withAmplifier"",""with"":[{""translate"":""effect.minecraft.poison""},{""translate"":""potion.potency.1""}]}"
"{""italic"":false,""color"":""blue"",""translate"":""potion.withAmplifier"",""with"":[{""translate"":""effect.minecraft.regeneration""},{""translate"":""potion.potency.1""}]}"|"{""italic"":false,""color"":""blue"",""translate"":""potion.withAmplifier"",""with"":[{""translate"":""effect.minecraft.regeneration""},{""translate"":""potion.potency.1""}]}"
"{""italic"":false,""color"":""blue"",""translate"":""potion.withAmplifier"",""with"":[{""translate"":""effect.minecraft.speed""},{""translate"":""potion.potency.1""}]}"|"{""italic"":false,""color"":""blue"",""translate"":""potion.withAmplifier"",""with"":[{""translate"":""effect.minecraft.speed""},{""translate"":""potion.potency.1""}]}"
"{""italic"":false,""color"":""red"",""translate"":""potion.withAmplifier"",""with"":[{""translate"":""effect.minecraft.weakness""},{""translate"":""potion.potency.0""}]}"|"{""italic"":false,""color"":""red"",""translate"":""potion.withAmplifier"",""with"":[{""translate"":""effect.minecraft.weakness""},{""translate"":""potion.potency.0""}]}"
"{""text"":""""}"|"{""text"":""""}"
"{""italic"":false,""color"":""dark_purple"",""translate"":""potion.whenDrank""}"|"{""italic"":false,""color"":""dark_purple"",""translate"":""potion.whenDrank""}"
"{""italic"":false,""color"":""blue"",""translate"":""attribute.modifier.plus.1"",""with"":[""40"",{""translate"":""attribute.name.generic.movement_speed""}]}"|"{""italic"":false,""color"":""blue"",""translate"":""attribute.modifier.plus.1"",""with"":[""40"",{""translate"":""attribute.name.generic.movement_speed""}]}"
"{""italic"":false,""color"":""red"",""translate"":""attribute.modifier.take.0"",""with"":[""4"",{""translate"":""attribute.name.generic.attack_damage""}]}"|"{""italic"":false,""color"":""red"",""translate"":""attribute.modifier.take.0"",""with"":[""4"",{""translate"":""attribute.name.generic.attack_damage""}]}"
"{""italic"":false,""color"":""blue"",""translate"":""potion.withAmplifier"",""with"":[{""translate"":""effect.minecraft.strength""},{""translate"":""potion.potency.1""}]}"|"{""italic"":false,""color"":""blue"",""translate"":""potion.withAmplifier"",""with"":[{""translate"":""effect.minecraft.strength""},{""translate"":""potion.potency.1""}]}"
"{""italic"":false,""color"":""blue"",""translate"":""potion.withAmplifier"",""with"":[{""translate"":""effect.minecraft.fire_resistance""},{""translate"":""potion.potency.0""}]}"|"{""italic"":false,""color"":""blue"",""translate"":""potion.withAmplifier"",""with"":[{""translate"":""effect.minecraft.fire_resistance""},{""translate"":""potion.potency.0""}]}"
"{""text"":""""}"|"{""text"":""""}"
"{""italic"":false,""color"":""dark_purple"",""translate"":""potion.whenDrank""}"|"{""italic"":false,""color"":""dark_purple"",""translate"":""potion.whenDrank""}"
"{""italic"":false,""color"":""blue"",""translate"":""attribute.modifier.plus.0"",""with"":[""6"",{""translate"":""attribute.name.generic.attack_damage""}]}"|"{""italic"":false,""color"":""blue"",""translate"":""attribute.modifier.plus.0"",""with"":[""6"",{""translate"":""attribute.name.generic.attack_damage""}]}"
