"{""italic"":false,""translate"":""%1$s%3427655$s"",""with"":[""Obsidian Cast"",{""translate"":""item.gm4.metallurgy.obsidian_cast""}]}"|"{""italic"":false,""translate"":""item.gm4.metallurgy.obsidian_cast"",""fallback"":""Obsidian Cast""}"
"{""italic"":false,""color"":""white"",""translate"":""%1$s%3427655$s"",""with"":[""Apple Tree Sapling"",{""translate"":""item.gm4.apple_tree_sapling""}]}"|"{""italic"":false,""color"":""white"",""translate"":""item.gm4.apple_tree_sapling"",""fallback"":""Apple Tree Sapling""}"
"{""italic"":false,""translate"":""%1$s%3427655$s"",""with"":[""Obsidian Cast"",{""translate"":""item.gm4.metallurgy.obsidian_cast""}]}"|"{""italic"":false,""translate"":""item.gm4.metallurgy.obsidian_cast"",""fallback"":""Obsidian Cast""}"
"{""italic"":false,""translate"":""%1$s%3427655$s"",""with"":[""Obsidian Cast"",{""translate"":""item.gm4.metallurgy.obsidian_cast""}]}"|"{""italic"":false,""translate"":""item.gm4.metallurgy.obsidian_cast"",""fallback"":""Obsidian Cast""}"
"{""italic"":false,""color"":""white"",""translate"":""%1$s%3427655$s"",""with"":[""Compressor"",{""translate"":""block.gm4.block_compressor""}]}"|"{""italic"":false,""color"":""white"",""translate"":""block.gm4.block_compressor"",""fallback"":""Compressor""}"
"{""italic"":false,""translate"":""%1$s%3427655$s"",""with"":[""Boots of Ostara"",{""translate"":""item.gm4.boots_of_ostara""}]}"|"{""italic"":false,""translate"":""item.gm4.boots_of_ostara"",""fallback"":""Boots of Ostara""}"
"{""italic"":false,""color"":""white"",""translate"":""%1$s%3427655$s"",""with"":[""Disassembler"",{""translate"":""block.gm4.disassembler""}]}"|"{""italic"":false,""color"":""white"",""translate"":""block.gm4.disassembler"",""fallback"":""Disassembler""}"
"{""italic"":false,""color"":""white"",""translate"":""%1$s%3427655$s"",""with"":[""Enchantment Extractor"",{""translate"":""block.gm4.enchantment_extractor""}]}"|"{""italic"":false,""color"":""white"",""translate"":""block.gm4.enchantment_extractor"",""fallback"":""Enchantment Extractor""}"
"{""italic"":false,""translate"":""%1$s%3427655$s"",""with"":[""Ravaged Wings"",{""translate"":""item.gm4.end_fishing.ravaged_wings""}]}"|"{""italic"":false,""translate"":""item.gm4.end_fishing.ravaged_wings"",""fallback"":""Ravaged Wings""}"
"{""translate"":""%1$s%3427655$s"",""with"":[""Enderpuff"",{""translate"":""item.gm4.enderpuff""}],""italic"":false}"|"{""italic"":false,""translate"":""item.gm4.enderpuff"",""fallback"":""Enderpuff""}"
"{""italic"":false,""color"":""white"",""translate"":""%1$s%3427655$s"",""with"":[""Ender Hopper"",{""translate"":""block.gm4.ender_hopper""}]}"|"{""italic"":false,""color"":""white"",""translate"":""block.gm4.ender_hopper"",""fallback"":""Ender Hopper""}"
"{""italic"":false,""translate"":""%1$s%3427655$s"",""with"":[""Minecart with Ender Hopper"",{""translate"":""item.gm4.ender_hopper_minecart""}]}"|"{""italic"":false,""translate"":""item.gm4.ender_hopper_minecart"",""fallback"":""Minecart with Ender Hopper""}"
"{""italic"":false,""translate"":""%1$s%3427655$s"",""with"":[""Everstone"",{""translate"":""item.gm4.everstone""}]}"|"{""italic"":false,""translate"":""item.gm4.everstone"",""fallback"":""Everstone""}"
"{""italic"":false,""color"":""white"",""translate"":""%1$s%3427655$s"",""with"":[""Forming Press"",{""translate"":""block.gm4.forming_press""}]}"|"{""italic"":false,""color"":""white"",""translate"":""block.gm4.forming_press"",""fallback"":""Forming Press""}"
"{""italic"":false,""translate"":""%1$s%3427655$s"",""with"":[""Block of Charcoal"",{""translate"":""block.gm4.charcoal_block""}]}"|"{""italic"":false,""translate"":""block.gm4.charcoal_block"",""fallback"":""Block of Charcoal""}"
"{""italic"":false,""translate"":""%1$s%3427655$s"",""with"":[""Obsidian Cast"",{""translate"":""item.gm4.metallurgy.obsidian_cast""}]}"|"{""italic"":false,""translate"":""item.gm4.metallurgy.obsidian_cast"",""fallback"":""Obsidian Cast""}"
"{""italic"":false,""translate"":""%1$s%3427655$s"",""with"":[""Heart Canister"",{""translate"":""item.gm4.heart_canister""}]}"|"{""italic"":false,""translate"":""item.gm4.heart_canister"",""fallback"":""Heart Canister""}"
"{""italic"":false,""translate"":""%1$s%3427655$s"",""with"":[""Heart Canister"",{""translate"":""item.gm4.heart_canister""}]}"|"{""italic"":false,""translate"":""item.gm4.heart_canister"",""fallback"":""Heart Canister""}"
"{""italic"":false,""translate"":""%1$s%3427655$s"",""with"":[""Obsidian Cast"",{""translate"":""item.gm4.metallurgy.obsidian_cast""}]}"|"{""italic"":false,""translate"":""item.gm4.metallurgy.obsidian_cast"",""fallback"":""Obsidian Cast""}"
"{""italic"":false,""color"":""white"",""translate"":""%1$s%3427655$s"",""with"":[""Bottle of Lightning"",{""translate"":""item.gm4.bottle.effect.lightning""}]}"|"{""italic"":false,""color"":""white"",""translate"":""item.gm4.bottle.effect.lightning"",""fallback"":""Bottle of Lightning""}"
"{""italic"":false,""color"":""white"",""translate"":""%1$s%3427655$s"",""with"":[""Lingering Bottle of Lightning"",{""translate"":""item.gm4.lingering_bottle.effect.lightning""}]}"|"{""italic"":false,""color"":""white"",""translate"":""item.gm4.lingering_bottle.effect.lightning"",""fallback"":""Lingering Bottle of Lightning""}"
"{""italic"":false,""color"":""white"",""translate"":""%1$s%3427655$s"",""with"":[""Splash Bottle of Lightning"",{""translate"":""item.gm4.splash_bottle.effect.lightning""}]}"|"{""italic"":false,""color"":""white"",""translate"":""item.gm4.splash_bottle.effect.lightning"",""fallback"":""Splash Bottle of Lightning""}"
"{""italic"":false,""translate"":""%1$s%3427655$s"",""with"":[""Minecart with Liquid Tank"",{""translate"":""item.gm4.liquid_minecart""}]}"|"{""italic"":false,""translate"":""item.gm4.liquid_minecart"",""fallback"":""Minecart with Liquid Tank""}"
"{""italic"":false,""color"":""white"",""translate"":""%1$s%3427655$s"",""with"":[""Liquid Tank"",{""translate"":""block.gm4.liquid_tank""}]}"|"{""italic"":false,""color"":""white"",""translate"":""block.gm4.liquid_tank"",""fallback"":""Liquid Tank""}"
"{""italic"":false,""translate"":""%1$s%3427655$s"",""with"":[""Obsidian Cast"",{""translate"":""item.gm4.metallurgy.obsidian_cast""}]}"|"{""italic"":false,""translate"":""item.gm4.metallurgy.obsidian_cast"",""fallback"":""Obsidian Cast""}"
"{""italic"":false,""color"":""white"",""translate"":""%1$s%3427655$s"",""with"":[""Thorianite Lump"",{""translate"":""item.gm4.metallurgy.thorianite_lump""}]}"|"{""italic"":false,""color"":""white"",""translate"":""item.gm4.metallurgy.thorianite_lump"",""fallback"":""Thorianite Lump""}"
"{""italic"":false,""color"":""white"",""translate"":""%1$s%3427655$s"",""with"":[""Malachite Lump"",{""translate"":""item.gm4.metallurgy.malachite_lump""}]}"|"{""italic"":false,""color"":""white"",""translate"":""item.gm4.metallurgy.malachite_lump"",""fallback"":""Malachite Lump""}"
"{""italic"":false,""color"":""white"",""translate"":""%1$s%3427655$s"",""with"":[""Bismutite Lump"",{""translate"":""item.gm4.metallurgy.bismutite_lump""}]}"|"{""italic"":false,""color"":""white"",""translate"":""item.gm4.metallurgy.bismutite_lump"",""fallback"":""Bismutite Lump""}"
"{""italic"":false,""color"":""white"",""translate"":""%1$s%3427655$s"",""with"":[""Bauxite Lump"",{""translate"":""item.gm4.metallurgy.bauxite_lump""}]}"|"{""italic"":false,""color"":""white"",""translate"":""item.gm4.metallurgy.bauxite_lump"",""fallback"":""Bauxite Lump""}"
"{""italic"":false,""color"":""white"",""translate"":""%1$s%3427655$s"",""with"":[""Baryte Lump"",{""translate"":""item.gm4.metallurgy.baryte_lump""}]}"|"{""italic"":false,""color"":""white"",""translate"":""item.gm4.metallurgy.baryte_lump"",""fallback"":""Baryte Lump""}"
"{""italic"":false,""translate"":""%1$s%3427655$s"",""with"":[""Obsidian Cast"",{""translate"":""item.gm4.metallurgy.obsidian_cast""}]}"|"{""italic"":false,""translate"":""item.gm4.metallurgy.obsidian_cast"",""fallback"":""Obsidian Cast""}"
"{""italic"":false,""translate"":""%1$s%3427655$s"",""with"":[""Obsidian Cast"",{""translate"":""item.gm4.metallurgy.obsidian_cast""}]}"|"{""italic"":false,""translate"":""item.gm4.metallurgy.obsidian_cast"",""fallback"":""Obsidian Cast""}"
"{""italic"":false,""translate"":""%1$s%3427655$s"",""with"":[""Obsidian Cast"",{""translate"":""item.gm4.metallurgy.obsidian_cast""}]}"|"{""italic"":false,""translate"":""item.gm4.metallurgy.obsidian_cast"",""fallback"":""Obsidian Cast""}"
"{""italic"":false,""translate"":""%1$s%3427655$s"",""with"":[""Obsidian Cast"",{""translate"":""item.gm4.metallurgy.obsidian_cast""}]}"|"{""italic"":false,""translate"":""item.gm4.metallurgy.obsidian_cast"",""fallback"":""Obsidian Cast""}"
"{""italic"":false,""translate"":""%1$s%3427655$s"",""with"":[""Obsidian Cast"",{""translate"":""item.gm4.metallurgy.obsidian_cast""}]}"|"{""italic"":false,""translate"":""item.gm4.metallurgy.obsidian_cast"",""fallback"":""Obsidian Cast""}"
"{""italic"":false,""translate"":""%1$s%3427655$s"",""with"":[""Obsidian Cast"",{""translate"":""item.gm4.metallurgy.obsidian_cast""}]}"|"{""italic"":false,""translate"":""item.gm4.metallurgy.obsidian_cast"",""fallback"":""Obsidian Cast""}"
"{""italic"":false,""translate"":""%1$s%3427655$s"",""with"":[""Obsidian Cast"",{""translate"":""item.gm4.metallurgy.obsidian_cast""}]}"|"{""italic"":false,""translate"":""item.gm4.metallurgy.obsidian_cast"",""fallback"":""Obsidian Cast""}"
"{""italic"":false,""translate"":""%1$s%3427655$s"",""with"":[""Obsidian Cast"",{""translate"":""item.gm4.metallurgy.obsidian_cast""}]}"|"{""italic"":false,""translate"":""item.gm4.metallurgy.obsidian_cast"",""fallback"":""Obsidian Cast""}"
"{""italic"":false,""translate"":""%1$s%3427655$s"",""with"":[""Obsidian Cast"",{""translate"":""item.gm4.metallurgy.obsidian_cast""}]}"|"{""italic"":false,""translate"":""item.gm4.metallurgy.obsidian_cast"",""fallback"":""Obsidian Cast""}"
"{""italic"":false,""translate"":""%1$s%3427655$s"",""with"":[""Obsidian Cast"",{""translate"":""item.gm4.metallurgy.obsidian_cast""}]}"|"{""italic"":false,""translate"":""item.gm4.metallurgy.obsidian_cast"",""fallback"":""Obsidian Cast""}"
"{""italic"":false,""translate"":""%1$s%3427655$s"",""with"":[""Obsidian Cast"",{""translate"":""item.gm4.metallurgy.obsidian_cast""}]}"|"{""italic"":false,""translate"":""item.gm4.metallurgy.obsidian_cast"",""fallback"":""Obsidian Cast""}"
"{""italic"":false,""translate"":""%1$s%3427655$s"",""with"":[""Obsidian Cast"",{""translate"":""item.gm4.metallurgy.obsidian_cast""}]}"|"{""italic"":false,""translate"":""item.gm4.metallurgy.obsidian_cast"",""fallback"":""Obsidian Cast""}"
"{""italic"":false,""translate"":""%1$s%3427655$s"",""with"":[""Obsidian Cast"",{""translate"":""item.gm4.metallurgy.obsidian_cast""}]}"|"{""italic"":false,""translate"":""item.gm4.metallurgy.obsidian_cast"",""fallback"":""Obsidian Cast""}"
"{""italic"":false,""translate"":""%1$s%3427655$s"",""with"":[""Obsidian Cast"",{""translate"":""item.gm4.metallurgy.obsidian_cast""}]}"|"{""italic"":false,""translate"":""item.gm4.metallurgy.obsidian_cast"",""fallback"":""Obsidian Cast""}"
"{""italic"":false,""translate"":""%1$s%3427655$s"",""with"":[""Obsidian Cast"",{""translate"":""item.gm4.metallurgy.obsidian_cast""}]}"|"{""italic"":false,""translate"":""item.gm4.metallurgy.obsidian_cast"",""fallback"":""Obsidian Cast""}"
"{""italic"":false,""translate"":""%1$s%3427655$s"",""with"":[""Obsidian Cast"",{""translate"":""item.gm4.metallurgy.obsidian_cast""}]}"|"{""italic"":false,""translate"":""item.gm4.metallurgy.obsidian_cast"",""fallback"":""Obsidian Cast""}"
"{""italic"":false,""translate"":""%1$s%3427655$s"",""with"":[""Obsidian Cast"",{""translate"":""item.gm4.metallurgy.obsidian_cast""}]}"|"{""italic"":false,""translate"":""item.gm4.metallurgy.obsidian_cast"",""fallback"":""Obsidian Cast""}"
"{""italic"":false,""translate"":""%1$s%3427655$s"",""with"":[""Obsidian Cast"",{""translate"":""item.gm4.metallurgy.obsidian_cast""}]}"|"{""italic"":false,""translate"":""item.gm4.metallurgy.obsidian_cast"",""fallback"":""Obsidian Cast""}"
"{""italic"":false,""translate"":""%1$s%3427655$s"",""with"":[""Obsidian Cast"",{""translate"":""item.gm4.metallurgy.obsidian_cast""}]}"|"{""italic"":false,""translate"":""item.gm4.metallurgy.obsidian_cast"",""fallback"":""Obsidian Cast""}"
"{""italic"":false,""color"":""white"",""translate"":""%1$s%3427655$s"",""with"":[""Soul Essence"",{""translate"":""item.gm4.soul_essence""}]}"|"{""italic"":false,""color"":""white"",""translate"":""item.gm4.soul_essence"",""fallback"":""Soul Essence""}"
"{""italic"":false,""color"":""white"",""translate"":""%1$s%3427655$s"",""with"":[""Soul Essence"",{""translate"":""item.gm4.soul_essence""}]}"|"{""italic"":false,""color"":""white"",""translate"":""item.gm4.soul_essence"",""fallback"":""Soul Essence""}"
"{""italic"":false,""color"":""white"",""translate"":""%1$s%3427655$s"",""with"":[""Soul Essence"",{""translate"":""item.gm4.soul_essence""}]}"|"{""italic"":false,""color"":""white"",""translate"":""item.gm4.soul_essence"",""fallback"":""Soul Essence""}"
"{""italic"":false,""color"":""white"",""translate"":""%1$s%3427655$s"",""with"":[""Soul Essence"",{""translate"":""item.gm4.soul_essence""}]}"|"{""italic"":false,""color"":""white"",""translate"":""item.gm4.soul_essence"",""fallback"":""Soul Essence""}"
"{""italic"":false,""color"":""white"",""translate"":""%1$s%3427655$s"",""with"":[""Soul Essence"",{""translate"":""item.gm4.soul_essence""}]}"|"{""italic"":false,""color"":""white"",""translate"":""item.gm4.soul_essence"",""fallback"":""Soul Essence""}"
"{""italic"":false,""color"":""white"",""translate"":""%1$s%3427655$s"",""with"":[""Soul Essence"",{""translate"":""item.gm4.soul_essence""}]}"|"{""italic"":false,""color"":""white"",""translate"":""item.gm4.soul_essence"",""fallback"":""Soul Essence""}"
"{""italic"":false,""color"":""white"",""translate"":""%1$s%3427655$s"",""with"":[""Soul Essence"",{""translate"":""item.gm4.soul_essence""}]}"|"{""italic"":false,""color"":""white"",""translate"":""item.gm4.soul_essence"",""fallback"":""Soul Essence""}"
"{""italic"":false,""color"":""white"",""translate"":""%1$s%3427655$s"",""with"":[""Soul Essence"",{""translate"":""item.gm4.soul_essence""}]}"|"{""italic"":false,""color"":""white"",""translate"":""item.gm4.soul_essence"",""fallback"":""Soul Essence""}"
"{""italic"":false,""color"":""white"",""translate"":""%1$s%3427655$s"",""with"":[""Soul Essence"",{""translate"":""item.gm4.soul_essence""}]}"|"{""italic"":false,""color"":""white"",""translate"":""item.gm4.soul_essence"",""fallback"":""Soul Essence""}"
"{""italic"":false,""color"":""white"",""translate"":""%1$s%3427655$s"",""with"":[""Soul Essence"",{""translate"":""item.gm4.soul_essence""}]}"|"{""italic"":false,""color"":""white"",""translate"":""item.gm4.soul_essence"",""fallback"":""Soul Essence""}"
"{""italic"":false,""color"":""white"",""translate"":""%1$s%3427655$s"",""with"":[""Soul Essence"",{""translate"":""item.gm4.soul_essence""}]}"|"{""italic"":false,""color"":""white"",""translate"":""item.gm4.soul_essence"",""fallback"":""Soul Essence""}"
"{""italic"":false,""color"":""white"",""translate"":""%1$s%3427655$s"",""with"":[""Soul Essence"",{""translate"":""item.gm4.soul_essence""}]}"|"{""italic"":false,""color"":""white"",""translate"":""item.gm4.soul_essence"",""fallback"":""Soul Essence""}"
"{""italic"":false,""color"":""white"",""translate"":""%1$s%3427655$s"",""with"":[""Soul Essence"",{""translate"":""item.gm4.soul_essence""}]}"|"{""italic"":false,""color"":""white"",""translate"":""item.gm4.soul_essence"",""fallback"":""Soul Essence""}"
"{""italic"":false,""color"":""white"",""translate"":""%1$s%3427655$s"",""with"":[""Soul Essence"",{""translate"":""item.gm4.soul_essence""}]}"|"{""italic"":false,""color"":""white"",""translate"":""item.gm4.soul_essence"",""fallback"":""Soul Essence""}"
"{""italic"":false,""color"":""white"",""translate"":""%1$s%3427655$s"",""with"":[""Soul Essence"",{""translate"":""item.gm4.soul_essence""}]}"|"{""italic"":false,""color"":""white"",""translate"":""item.gm4.soul_essence"",""fallback"":""Soul Essence""}"
"{""italic"":false,""color"":""white"",""translate"":""%1$s%3427655$s"",""with"":[""Soul Essence"",{""translate"":""item.gm4.soul_essence""}]}"|"{""italic"":false,""color"":""white"",""translate"":""item.gm4.soul_essence"",""fallback"":""Soul Essence""}"
"{""italic"":false,""color"":""white"",""translate"":""%1$s%3427655$s"",""with"":[""Soul Essence"",{""translate"":""item.gm4.soul_essence""}]}"|"{""italic"":false,""color"":""white"",""translate"":""item.gm4.soul_essence"",""fallback"":""Soul Essence""}"
"{""italic"":false,""color"":""white"",""translate"":""%1$s%3427655$s"",""with"":[""Soul Essence"",{""translate"":""item.gm4.soul_essence""}]}"|"{""italic"":false,""color"":""white"",""translate"":""item.gm4.soul_essence"",""fallback"":""Soul Essence""}"
"{""italic"":false,""color"":""white"",""translate"":""%1$s%3427655$s"",""with"":[""Soul Essence"",{""translate"":""item.gm4.soul_essence""}]}"|"{""italic"":false,""color"":""white"",""translate"":""item.gm4.soul_essence"",""fallback"":""Soul Essence""}"
"{""italic"":false,""color"":""white"",""translate"":""%1$s%3427655$s"",""with"":[""Soul Essence"",{""translate"":""item.gm4.soul_essence""}]}"|"{""italic"":false,""color"":""white"",""translate"":""item.gm4.soul_essence"",""fallback"":""Soul Essence""}"
"{""italic"":false,""color"":""white"",""translate"":""%1$s%3427655$s"",""with"":[""Soul Essence"",{""translate"":""item.gm4.soul_essence""}]}"|"{""italic"":false,""color"":""white"",""translate"":""item.gm4.soul_essence"",""fallback"":""Soul Essence""}"
"{""italic"":false,""color"":""white"",""translate"":""%1$s%3427655$s"",""with"":[""Soul Essence"",{""translate"":""item.gm4.soul_essence""}]}"|"{""italic"":false,""color"":""white"",""translate"":""item.gm4.soul_essence"",""fallback"":""Soul Essence""}"
"{""italic"":false,""color"":""white"",""translate"":""%1$s%3427655$s"",""with"":[""Soul Essence"",{""translate"":""item.gm4.soul_essence""}]}"|"{""italic"":false,""color"":""white"",""translate"":""item.gm4.soul_essence"",""fallback"":""Soul Essence""}"
"{""italic"":false,""color"":""white"",""translate"":""%1$s%3427655$s"",""with"":[""Soul Essence"",{""translate"":""item.gm4.soul_essence""}]}"|"{""italic"":false,""color"":""white"",""translate"":""item.gm4.soul_essence"",""fallback"":""Soul Essence""}"
"{""italic"":false,""color"":""white"",""translate"":""%1$s%3427655$s"",""with"":[""Soul Essence"",{""translate"":""item.gm4.soul_essence""}]}"|"{""italic"":false,""color"":""white"",""translate"":""item.gm4.soul_essence"",""fallback"":""Soul Essence""}"
"{""italic"":false,""color"":""white"",""translate"":""%1$s%3427655$s"",""with"":[""Soul Essence"",{""translate"":""item.gm4.soul_essence""}]}"|"{""italic"":false,""color"":""white"",""translate"":""item.gm4.soul_essence"",""fallback"":""Soul Essence""}"
"{""italic"":false,""color"":""white"",""translate"":""%1$s%3427655$s"",""with"":[""Soul Essence"",{""translate"":""item.gm4.soul_essence""}]}"|"{""italic"":false,""color"":""white"",""translate"":""item.gm4.soul_essence"",""fallback"":""Soul Essence""}"
"{""italic"":false,""color"":""white"",""translate"":""%1$s%3427655$s"",""with"":[""Soul Essence"",{""translate"":""item.gm4.soul_essence""}]}"|"{""italic"":false,""color"":""white"",""translate"":""item.gm4.soul_essence"",""fallback"":""Soul Essence""}"
"{""italic"":false,""color"":""white"",""translate"":""%1$s%3427655$s"",""with"":[""Soul Essence"",{""translate"":""item.gm4.soul_essence""}]}"|"{""italic"":false,""color"":""white"",""translate"":""item.gm4.soul_essence"",""fallback"":""Soul Essence""}"
"{""italic"":false,""color"":""white"",""translate"":""%1$s%3427655$s"",""with"":[""Soul Essence"",{""translate"":""item.gm4.soul_essence""}]}"|"{""italic"":false,""color"":""white"",""translate"":""item.gm4.soul_essence"",""fallback"":""Soul Essence""}"
"{""italic"":false,""color"":""white"",""translate"":""%1$s%3427655$s"",""with"":[""Soul Essence"",{""translate"":""item.gm4.soul_essence""}]}"|"{""italic"":false,""color"":""white"",""translate"":""item.gm4.soul_essence"",""fallback"":""Soul Essence""}"
"{""italic"":false,""color"":""white"",""translate"":""%1$s%3427655$s"",""with"":[""Soul Essence"",{""translate"":""item.gm4.soul_essence""}]}"|"{""italic"":false,""color"":""white"",""translate"":""item.gm4.soul_essence"",""fallback"":""Soul Essence""}"
"{""italic"":false,""color"":""white"",""translate"":""%1$s%3427655$s"",""with"":[""Soul Essence"",{""translate"":""item.gm4.soul_essence""}]}"|"{""italic"":false,""color"":""white"",""translate"":""item.gm4.soul_essence"",""fallback"":""Soul Essence""}"
"{""italic"":false,""color"":""white"",""translate"":""%1$s%3427655$s"",""with"":[""Soul Essence"",{""translate"":""item.gm4.soul_essence""}]}"|"{""italic"":false,""color"":""white"",""translate"":""item.gm4.soul_essence"",""fallback"":""Soul Essence""}"
"{""italic"":false,""color"":""white"",""translate"":""%1$s%3427655$s"",""with"":[""Soul Essence"",{""translate"":""item.gm4.soul_essence""}]}"|"{""italic"":false,""color"":""white"",""translate"":""item.gm4.soul_essence"",""fallback"":""Soul Essence""}"
"{""italic"":false,""color"":""aqua"",""translate"":""%1$s%3427655$s"",""with"":[""Orb of Ankou"",{""translate"":""item.gm4.orb_of_ankou""}]}"|"{""italic"":false,""color"":""aqua"",""translate"":""item.gm4.orb_of_ankou"",""fallback"":""Orb of Ankou""}"
"{""italic"":false,""translate"":""%1$s%3427655$s"",""with"":[""Obsidian Cast"",{""translate"":""item.gm4.metallurgy.obsidian_cast""}]}"|"{""italic"":false,""translate"":""item.gm4.metallurgy.obsidian_cast"",""fallback"":""Obsidian Cast""}"
"{""italic"":false,""translate"":""%1$s%3427655$s"",""with"":[""Potion of Floating"",{""translate"":""item.gm4.floating_potion""}]}"|"{""italic"":false,""translate"":""item.gm4.floating_potion"",""fallback"":""Potion of Floating""}"
"{""italic"":false,""translate"":""%1$s%3427655$s"",""with"":[""Lingering Potion of Floating"",{""translate"":""item.gm4.lingering_floating_potion""}]}"|"{""italic"":false,""translate"":""item.gm4.lingering_floating_potion"",""fallback"":""Lingering Potion of Floating""}"
"{""italic"":false,""translate"":""%1$s%3427655$s"",""with"":[""Splash Potion of Floating"",{""translate"":""item.gm4.splash_floating_potion""}]}"|"{""italic"":false,""translate"":""item.gm4.splash_floating_potion"",""fallback"":""Splash Potion of Floating""}"
"{""italic"":false,""translate"":""%1$s%3427655$s"",""with"":[""Relocator"",{""translate"":""item.gm4.relocator""}]}"|"{""italic"":false,""translate"":""item.gm4.relocator"",""fallback"":""Relocator""}"
"{""italic"":false,""translate"":""%1$s%3427655$s"",""with"":[""Relocator"",{""translate"":""item.gm4.relocator""}]}"|"{""italic"":false,""translate"":""item.gm4.relocator"",""fallback"":""Relocator""}"
"{""italic"":false,""translate"":""%1$s%3427655$s"",""with"":[""Flippers"",{""translate"":""item.gm4.flippers""}]}"|"{""italic"":false,""translate"":""item.gm4.flippers"",""fallback"":""Flippers""}"
"{""italic"":false,""color"":""white"",""translate"":""%1$s%3427655$s"",""with"":[""SCUBA Helmet"",{""translate"":""item.gm4.scuba_helmet""}]}"|"{""italic"":false,""color"":""white"",""translate"":""item.gm4.scuba_helmet"",""fallback"":""SCUBA Helmet""}"
"{""italic"":false,""translate"":""%1$s%3427655$s"",""with"":[""SCUBA Tank"",{""translate"":""item.gm4.scuba_tank""}]}"|"{""italic"":false,""translate"":""item.gm4.scuba_tank"",""fallback"":""SCUBA Tank""}"
"{""italic"":false,""color"":""white"",""translate"":""%1$s%3427655$s"",""with"":[""Smeltery"",{""translate"":""block.gm4.smeltery""}]}"|"{""italic"":false,""color"":""white"",""translate"":""block.gm4.smeltery"",""fallback"":""Smeltery""}"
"{""italic"":false,""translate"":""%1$s%3427655$s"",""with"":[""Soul Glass"",{""translate"":""item.gm4.soul_glass""}]}"|"{""italic"":false,""translate"":""item.gm4.soul_glass"",""fallback"":""Soul Glass""}"
"{""italic"":false,""translate"":""%1$s%3427655$s"",""with"":[""Message in a Bottle"",{""translate"":""item.gm4.message_in_a_bottle""}]}"|"{""italic"":false,""translate"":""item.gm4.message_in_a_bottle"",""fallback"":""Message in a Bottle""}"
"{""italic"":false,""translate"":""%1$s%3427655$s"",""with"":[""Message in a Bottle"",{""translate"":""item.gm4.message_in_a_bottle""}]}"|"{""italic"":false,""translate"":""item.gm4.message_in_a_bottle"",""fallback"":""Message in a Bottle""}"
"{""italic"":false,""translate"":""%1$s%3427655$s"",""with"":[""Message in a Bottle"",{""translate"":""item.gm4.message_in_a_bottle""}]}"|"{""italic"":false,""translate"":""item.gm4.message_in_a_bottle"",""fallback"":""Message in a Bottle""}"
"{""italic"":false,""translate"":""%1$s%3427655$s"",""with"":[""Message in a Bottle"",{""translate"":""item.gm4.message_in_a_bottle""}]}"|"{""italic"":false,""translate"":""item.gm4.message_in_a_bottle"",""fallback"":""Message in a Bottle""}"
"{""italic"":false,""translate"":""%1$s%3427655$s"",""with"":[""Message in a Bottle"",{""translate"":""item.gm4.message_in_a_bottle""}]}"|"{""italic"":false,""translate"":""item.gm4.message_in_a_bottle"",""fallback"":""Message in a Bottle""}"
"{""italic"":false,""translate"":""%1$s%3427655$s"",""with"":[""Message in a Bottle"",{""translate"":""item.gm4.message_in_a_bottle""}]}"|"{""italic"":false,""translate"":""item.gm4.message_in_a_bottle"",""fallback"":""Message in a Bottle""}"
"{""italic"":false,""translate"":""%1$s%3427655$s"",""with"":[""Message in a Bottle"",{""translate"":""item.gm4.message_in_a_bottle""}]}"|"{""italic"":false,""translate"":""item.gm4.message_in_a_bottle"",""fallback"":""Message in a Bottle""}"
"{""italic"":false,""translate"":""%1$s%3427655$s"",""with"":[""Message in a Bottle"",{""translate"":""item.gm4.message_in_a_bottle""}]}"|"{""italic"":false,""translate"":""item.gm4.message_in_a_bottle"",""fallback"":""Message in a Bottle""}"
"{""italic"":false,""translate"":""%1$s%3427655$s"",""with"":[""Message in a Bottle"",{""translate"":""item.gm4.message_in_a_bottle""}]}"|"{""italic"":false,""translate"":""item.gm4.message_in_a_bottle"",""fallback"":""Message in a Bottle""}"
"{""italic"":false,""translate"":""%1$s%3427655$s"",""with"":[""Message in a Bottle"",{""translate"":""item.gm4.message_in_a_bottle""}]}"|"{""italic"":false,""translate"":""item.gm4.message_in_a_bottle"",""fallback"":""Message in a Bottle""}"
"{""italic"":false,""translate"":""%1$s%3427655$s"",""with"":[""Message in a Bottle"",{""translate"":""item.gm4.message_in_a_bottle""}]}"|"{""italic"":false,""translate"":""item.gm4.message_in_a_bottle"",""fallback"":""Message in a Bottle""}"
"{""italic"":false,""translate"":""%1$s%3427655$s"",""with"":[""Message in a Bottle"",{""translate"":""item.gm4.message_in_a_bottle""}]}"|"{""italic"":false,""translate"":""item.gm4.message_in_a_bottle"",""fallback"":""Message in a Bottle""}"
"{""italic"":false,""translate"":""%1$s%3427655$s"",""with"":[""Message in a Bottle"",{""translate"":""item.gm4.message_in_a_bottle""}]}"|"{""italic"":false,""translate"":""item.gm4.message_in_a_bottle"",""fallback"":""Message in a Bottle""}"
"{""italic"":false,""translate"":""%1$s%3427655$s"",""with"":[""Message in a Bottle"",{""translate"":""item.gm4.message_in_a_bottle""}]}"|"{""italic"":false,""translate"":""item.gm4.message_in_a_bottle"",""fallback"":""Message in a Bottle""}"
"{""italic"":false,""translate"":""%1$s%3427655$s"",""with"":[""Message in a Bottle"",{""translate"":""item.gm4.message_in_a_bottle""}]}"|"{""italic"":false,""translate"":""item.gm4.message_in_a_bottle"",""fallback"":""Message in a Bottle""}"
"{""italic"":false,""translate"":""%1$s%3427655$s"",""with"":[""Message in a Bottle"",{""translate"":""item.gm4.message_in_a_bottle""}]}"|"{""italic"":false,""translate"":""item.gm4.message_in_a_bottle"",""fallback"":""Message in a Bottle""}"
"{""italic"":false,""translate"":""%1$s%3427655$s"",""with"":[""Message in a Bottle"",{""translate"":""item.gm4.message_in_a_bottle""}]}"|"{""italic"":false,""translate"":""item.gm4.message_in_a_bottle"",""fallback"":""Message in a Bottle""}"
"{""italic"":false,""translate"":""%1$s%3427655$s"",""with"":[""Message in a Bottle"",{""translate"":""item.gm4.message_in_a_bottle""}]}"|"{""italic"":false,""translate"":""item.gm4.message_in_a_bottle"",""fallback"":""Message in a Bottle""}"
"{""italic"":false,""translate"":""%1$s%3427655$s"",""with"":[""Message in a Bottle"",{""translate"":""item.gm4.message_in_a_bottle""}]}"|"{""italic"":false,""translate"":""item.gm4.message_in_a_bottle"",""fallback"":""Message in a Bottle""}"
"{""italic"":false,""translate"":""%1$s%3427655$s"",""with"":[""Message in a Bottle"",{""translate"":""item.gm4.message_in_a_bottle""}]}"|"{""italic"":false,""translate"":""item.gm4.message_in_a_bottle"",""fallback"":""Message in a Bottle""}"
"{""italic"":false,""color"":""white"",""translate"":""%1$s%3427655$s"",""with"":[""Teleportation Anchor"",{""translate"":""block.gm4.teleportation_anchor""}]}"|"{""italic"":false,""color"":""white"",""translate"":""block.gm4.teleportation_anchor"",""fallback"":""Teleportation Anchor""}"
"{""italic"":false,""color"":""white"",""translate"":""%1$s%3427655$s"",""with"":[""Teleportation Jammer"",{""translate"":""block.gm4.teleportation_jammer""}]}"|"{""italic"":false,""color"":""white"",""translate"":""block.gm4.teleportation_jammer"",""fallback"":""Teleportation Jammer""}"
"{""italic"":false,""color"":""white"",""translate"":""%1$s%3427655$s"",""with"":[""Tinkering Compressor"",{""translate"":""block.gm4.tinkering_compressor""}]}"|"{""italic"":false,""color"":""white"",""translate"":""block.gm4.tinkering_compressor"",""fallback"":""Tinkering Compressor""}"
"{""italic"":false,""translate"":""%1$s%3427655$s"",""with"":[""Landmine"",{""translate"":""item.gm4.tnt_landmine""}]}"|"{""italic"":false,""translate"":""item.gm4.tnt_landmine"",""fallback"":""Landmine""}"
"{""italic"":false,""translate"":""%1$s%3427655$s"",""with"":[""Landmine"",{""translate"":""item.gm4.tnt_landmine""}]}"|"{""italic"":false,""translate"":""item.gm4.tnt_landmine"",""fallback"":""Landmine""}"
"{""italic"":false,""translate"":""%1$s%3427655$s"",""with"":[""Landmine"",{""translate"":""item.gm4.tnt_landmine""}]}"|"{""italic"":false,""translate"":""item.gm4.tnt_landmine"",""fallback"":""Landmine""}"
"{""italic"":false,""translate"":""%1$s%3427655$s"",""with"":[""Soft Defuser"",{""translate"":""item.gm4.tnt_landmine.upgrade""}]}"|"{""italic"":false,""translate"":""item.gm4.tnt_landmine.upgrade"",""fallback"":""Soft Defuser""}"
"{""italic"":false,""translate"":""%1$s%3427655$s"",""with"":[""Landmine"",{""translate"":""item.gm4.tnt_landmine""}]}"|"{""italic"":false,""translate"":""item.gm4.tnt_landmine"",""fallback"":""Landmine""}"
"{""italic"":false,""translate"":""%1$s%3427655$s"",""with"":[""Landmine"",{""translate"":""item.gm4.tnt_landmine""}]}"|"{""italic"":false,""translate"":""item.gm4.tnt_landmine"",""fallback"":""Landmine""}"
"{""italic"":false,""translate"":""%1$s%3427655$s"",""with"":[""Landmine"",{""translate"":""item.gm4.tnt_landmine""}]}"|"{""italic"":false,""translate"":""item.gm4.tnt_landmine"",""fallback"":""Landmine""}"
"{""italic"":false,""translate"":""%1$s%3427655$s"",""with"":[""Landmine"",{""translate"":""item.gm4.tnt_landmine""}]}"|"{""italic"":false,""translate"":""item.gm4.tnt_landmine"",""fallback"":""Landmine""}"
"{""italic"":false,""translate"":""%1$s%3427655$s"",""with"":[""Landmine"",{""translate"":""item.gm4.tnt_landmine""}]}"|"{""italic"":false,""translate"":""item.gm4.tnt_landmine"",""fallback"":""Landmine""}"
"{""italic"":false,""translate"":""%1$s%3427655$s"",""with"":[""Trapped Warped Sign"",{""translate"":""item.gm4.trapped_sign"",""with"":[{""translate"":""item.minecraft.warped_sign""}]}]}"|"{""italic"":false,""translate"":""item.gm4.trapped_sign"",""fallback"":""Trapped %s"",""with"":[{""translate"":""block.minecraft.warped_sign""}]}"
"{""italic"":false,""translate"":""%1$s%3427655$s"",""with"":[""Trapped Spruce Sign"",{""translate"":""item.gm4.trapped_sign"",""with"":[{""translate"":""item.minecraft.spruce_sign""}]}]}"|"{""italic"":false,""translate"":""item.gm4.trapped_sign"",""fallback"":""Trapped %s"",""with"":[{""translate"":""block.minecraft.spruce_sign""}]}"
"{""italic"":false,""translate"":""%1$s%3427655$s"",""with"":[""Trapped Oak Sign"",{""translate"":""item.gm4.trapped_sign"",""with"":[{""translate"":""item.minecraft.oak_sign""}]}]}"|"{""italic"":false,""translate"":""item.gm4.trapped_sign"",""fallback"":""Trapped %s"",""with"":[{""translate"":""block.minecraft.oak_sign""}]}"
"{""italic"":false,""translate"":""%1$s%3427655$s"",""with"":[""Trapped Jungle Sign"",{""translate"":""item.gm4.trapped_sign"",""with"":[{""translate"":""item.minecraft.jungle_sign""}]}]}"|"{""italic"":false,""translate"":""item.gm4.trapped_sign"",""fallback"":""Trapped %s"",""with"":[{""translate"":""block.minecraft.jungle_sign""}]}"
"{""italic"":false,""translate"":""%1$s%3427655$s"",""with"":[""Trapped Dark Oak Sign"",{""translate"":""item.gm4.trapped_sign"",""with"":[{""translate"":""item.minecraft.dark_oak_sign""}]}]}"|"{""italic"":false,""translate"":""item.gm4.trapped_sign"",""fallback"":""Trapped %s"",""with"":[{""translate"":""block.minecraft.dark_oak_sign""}]}"
"{""italic"":false,""translate"":""%1$s%3427655$s"",""with"":[""Trapped Crimson Sign"",{""translate"":""item.gm4.trapped_sign"",""with"":[{""translate"":""item.minecraft.crimson_sign""}]}]}"|"{""italic"":false,""translate"":""item.gm4.trapped_sign"",""fallback"":""Trapped %s"",""with"":[{""translate"":""block.minecraft.crimson_sign""}]}"
"{""italic"":false,""translate"":""%1$s%3427655$s"",""with"":[""Trapped Birch Sign"",{""translate"":""item.gm4.trapped_sign"",""with"":[{""translate"":""item.minecraft.birch_sign""}]}]}"|"{""italic"":false,""translate"":""item.gm4.trapped_sign"",""fallback"":""Trapped %s"",""with"":[{""translate"":""block.minecraft.birch_sign""}]}"
"{""italic"":false,""translate"":""%1$s%3427655$s"",""with"":[""Trapped Acacia Sign"",{""translate"":""item.gm4.trapped_sign"",""with"":[{""translate"":""item.minecraft.acacia_sign""}]}]}"|"{""italic"":false,""translate"":""item.gm4.trapped_sign"",""fallback"":""Trapped %s"",""with"":[{""translate"":""block.minecraft.acacia_sign""}]}"
"{""italic"":false,""translate"":""%1$s%3427655$s"",""with"":[""Secret Trapped Acacia Sign"",{""translate"":""item.gm4.trapped_sign.secret"",""with"":[{""translate"":""item.minecraft.acacia_sign""}]}]}"|"{""italic"":false,""translate"":""item.gm4.trapped_sign.secret"",""fallback"":""Secret Trapped %s"",""with"":[{""translate"":""block.minecraft.acacia_sign""}]}"
"{""italic"":false,""translate"":""%1$s%3427655$s"",""with"":[""Secret Trapped Birch Sign"",{""translate"":""item.gm4.trapped_sign.secret"",""with"":[{""translate"":""item.minecraft.birch_sign""}]}]}"|"{""italic"":false,""translate"":""item.gm4.trapped_sign.secret"",""fallback"":""Secret Trapped %s"",""with"":[{""translate"":""block.minecraft.birch_sign""}]}"
"{""italic"":false,""translate"":""%1$s%3427655$s"",""with"":[""Secret Trapped Crimson Sign"",{""translate"":""item.gm4.trapped_sign.secret"",""with"":[{""translate"":""item.minecraft.crimson_sign""}]}]}"|"{""italic"":false,""translate"":""item.gm4.trapped_sign.secret"",""fallback"":""Secret Trapped %s"",""with"":[{""translate"":""block.minecraft.crimson_sign""}]}"
"{""italic"":false,""translate"":""%1$s%3427655$s"",""with"":[""Secret Trapped Dark Oak Sign"",{""translate"":""item.gm4.trapped_sign.secret"",""with"":[{""translate"":""item.minecraft.dark_oak_sign""}]}]}"|"{""italic"":false,""translate"":""item.gm4.trapped_sign.secret"",""fallback"":""Secret Trapped %s"",""with"":[{""translate"":""block.minecraft.dark_oak_sign""}]}"
"{""italic"":false,""translate"":""%1$s%3427655$s"",""with"":[""Secret Trapped Jungle Sign"",{""translate"":""item.gm4.trapped_sign.secret"",""with"":[{""translate"":""item.minecraft.jungle_sign""}]}]}"|"{""italic"":false,""translate"":""item.gm4.trapped_sign.secret"",""fallback"":""Secret Trapped %s"",""with"":[{""translate"":""block.minecraft.jungle_sign""}]}"
"{""italic"":false,""translate"":""%1$s%3427655$s"",""with"":[""Secret Trapped Oak Sign"",{""translate"":""item.gm4.trapped_sign.secret"",""with"":[{""translate"":""item.minecraft.oak_sign""}]}]}"|"{""italic"":false,""translate"":""item.gm4.trapped_sign.secret"",""fallback"":""Secret Trapped %s"",""with"":[{""translate"":""block.minecraft.oak_sign""}]}"
"{""italic"":false,""translate"":""%1$s%3427655$s"",""with"":[""Secret Trapped Spruce Sign"",{""translate"":""item.gm4.trapped_sign.secret"",""with"":[{""translate"":""item.minecraft.spruce_sign""}]}]}"|"{""italic"":false,""translate"":""item.gm4.trapped_sign.secret"",""fallback"":""Secret Trapped %s"",""with"":[{""translate"":""block.minecraft.spruce_sign""}]}"
"{""italic"":false,""translate"":""%1$s%3427655$s"",""with"":[""Secret Trapped Warped Sign"",{""translate"":""item.gm4.trapped_sign.secret"",""with"":[{""translate"":""item.minecraft.warped_sign""}]}]}"|"{""italic"":false,""translate"":""item.gm4.trapped_sign.secret"",""fallback"":""Secret Trapped %s"",""with"":[{""translate"":""block.minecraft.warped_sign""}]}"
"{""italic"":false,""color"":""white"",""translate"":""%1$s%3427655$s"",""with"":[""Minecart with Piston"",{""translate"":""item.gm4.minecart.bore""}]}"|"{""italic"":false,""color"":""white"",""translate"":""item.gm4.minecart.bore"",""fallback"":""Minecart with Piston""}"
"{""italic"":false,""translate"":""%1$s%3427655$s"",""with"":[""Obsidian Cast"",{""translate"":""item.gm4.metallurgy.obsidian_cast""}]}"|"{""italic"":false,""translate"":""item.gm4.metallurgy.obsidian_cast"",""fallback"":""Obsidian Cast""}"
"{""italic"":false,""translate"":""%1$s%3427655$s"",""with"":[""Obsidian Cast"",{""translate"":""item.gm4.metallurgy.obsidian_cast""}]}"|"{""italic"":false,""translate"":""item.gm4.metallurgy.obsidian_cast"",""fallback"":""Obsidian Cast""}"
"{""italic"":false,""translate"":""%1$s%3427655$s"",""with"":[""Magic in a Bottle"",{""translate"":""item.gm4.magic_in_a_bottle""}]}"|"{""italic"":false,""translate"":""item.gm4.magic_in_a_bottle"",""fallback"":""Magic in a Bottle""}"
"{""italic"":false,""translate"":""%1$s%3427655$s"",""with"":[""Zauber Boots"",{""translate"":""item.gm4.zauber_cauldrons.zauber_armor.boots""}]}"|"{""italic"":false,""translate"":""item.gm4.zauber_cauldrons.zauber_armor.boots"",""fallback"":""Zauber Boots""}"
"{""italic"":false,""translate"":""%1$s%3427655$s"",""with"":[""Zauber Chestplate"",{""translate"":""item.gm4.zauber_cauldrons.zauber_armor.chestplate""}]}"|"{""italic"":false,""translate"":""item.gm4.zauber_cauldrons.zauber_armor.chestplate"",""fallback"":""Zauber Chestplate""}"
"{""italic"":false,""translate"":""%1$s%3427655$s"",""with"":[""Zauber Leggings"",{""translate"":""item.gm4.zauber_cauldrons.zauber_armor.leggings""}]}"|"{""italic"":false,""translate"":""item.gm4.zauber_cauldrons.zauber_armor.leggings"",""fallback"":""Zauber Leggings""}"
"{""italic"":false,""translate"":""%1$s%3427655$s"",""with"":[""Zauber Helmet"",{""translate"":""item.gm4.zauber_cauldrons.zauber_armor.helmet""}]}"|"{""italic"":false,""translate"":""item.gm4.zauber_cauldrons.zauber_armor.helmet"",""fallback"":""Zauber Helmet""}"
"{""italic"":false,""translate"":""%1$s%3427655$s"",""with"":[""Wormhole in a Bottle"",{""translate"":""item.gm4.wormhole_in_a_bottle""}]}"|"{""italic"":false,""translate"":""item.gm4.wormhole_in_a_bottle"",""fallback"":""Wormhole in a Bottle""}"
"{""italic"":false,""translate"":""%1$s%3427655$s"",""with"":[""Crystal of Harming"",{""translate"":""item.gm4.zauber_cauldrons.crystal.instant_damage""}]}"|"{""italic"":false,""translate"":""item.gm4.zauber_cauldrons.crystal.instant_damage"",""fallback"":""Crystal of Harming""}"
"{""italic"":false,""translate"":""%1$s%3427655$s"",""with"":[""Crystal of Healing"",{""translate"":""item.gm4.zauber_cauldrons.crystal.instant_health""}]}"|"{""italic"":false,""translate"":""item.gm4.zauber_cauldrons.crystal.instant_health"",""fallback"":""Crystal of Healing""}"
"{""italic"":false,""translate"":""%1$s%3427655$s"",""with"":[""Crystal of Leaping"",{""translate"":""item.gm4.zauber_cauldrons.crystal.jump_boost""}]}"|"{""italic"":false,""translate"":""item.gm4.zauber_cauldrons.crystal.jump_boost"",""fallback"":""Crystal of Leaping""}"
"{""italic"":false,""translate"":""%1$s%3427655$s"",""with"":[""Crystal of Poison"",{""translate"":""item.gm4.zauber_cauldrons.crystal.poison""}]}"|"{""italic"":false,""translate"":""item.gm4.zauber_cauldrons.crystal.poison"",""fallback"":""Crystal of Poison""}"
"{""italic"":false,""translate"":""%1$s%3427655$s"",""with"":[""Crystal of Regeneration"",{""translate"":""item.gm4.zauber_cauldrons.crystal.regeneration""}]}"|"{""italic"":false,""translate"":""item.gm4.zauber_cauldrons.crystal.regeneration"",""fallback"":""Crystal of Regeneration""}"
"{""italic"":false,""translate"":""%1$s%3427655$s"",""with"":[""Crystal of Swiftness"",{""translate"":""item.gm4.zauber_cauldrons.crystal.speed""}]}"|"{""italic"":false,""translate"":""item.gm4.zauber_cauldrons.crystal.speed"",""fallback"":""Crystal of Swiftness""}"
"{""italic"":false,""translate"":""%1$s%3427655$s"",""with"":[""Crystal of Strength"",{""translate"":""item.gm4.zauber_cauldrons.crystal.strength""}]}"|"{""italic"":false,""translate"":""item.gm4.zauber_cauldrons.crystal.strength"",""fallback"":""Crystal of Strength""}"
"{""italic"":false,""color"":""aqua"",""translate"":""%1$s%3427655$s"",""with"":[""Enchanted Prismarine Shard"",{""translate"":""item.gm4.enchanted_prismarine_shard""}]}"|"{""italic"":false,""color"":""aqua"",""translate"":""item.gm4.enchanted_prismarine_shard"",""fallback"":""Enchanted Prismarine Shard""}"
